Alfred_Hartenbach$UPDATE daten set enddate='2016-06-25', sortende=2457565, differenz=26776 where id=11264;
Dario_Fo$UPDATE daten set enddate='2016-10-13', sortende=2457675, differenz=33076 where id=12642;
 João_Batista_Biglia;
Vedat_Türkali$UPDATE daten set enddate='2016-08-29', sortende=2457630, differenz=35538 where id=15631;
Péter_Esterházy$UPDATE daten set enddate='2016-07-14', sortende=2457584, differenz=24198 where id=16826;
Michel_Meynaud$UPDATE daten set enddate='2016-07-10', sortende=2457580, differenz=24244 where id=19141;
Markus_Werner$UPDATE daten set enddate='2016-07-3', sortende=2457573, differenz=26121 where id=20698;
Christoph_Albrecht_(Komponist)$UPDATE daten set enddate='2016-09-24', sortende=2457656, differenz=31675 where id=21291;
 Gerry_Adams;
Rolf_Schweizer$UPDATE daten set enddate='2016-06-6', sortende=2457546, differenz=29304 where id=22607;
Edward_Albee$UPDATE daten set enddate='2016-09-16', sortende=2457648, differenz=32330 where id=23469;
Harold_Kroto$UPDATE daten set enddate='2016-04-30', sortende=2457509, differenz=27965 where id=24691;
Thorbjörn_Fälldin$UPDATE daten set enddate='2016-07-23', sortende=2457593, differenz=32963 where id=25685;
Deborah_Jin$UPDATE daten set enddate='2016-09-15', sortende=2457647, differenz=17790 where id=25789;
Renate_Schostack$UPDATE daten set enddate='2016-07-28', sortende=2457598, differenz=28689 where id=29243;
Robert_Steigerwald$UPDATE daten set enddate='2016-06-30', sortende=2457570, differenz=33336 where id=30177;
Seymour_Papert$UPDATE daten set enddate='2016-07-31', sortende=2457601, differenz=32294 where id=31811;
Benoîte_Groult$UPDATE daten set enddate='2016-06-20', sortende=2457560, differenz=35205 where id=31849;
Andreas_Flitner$UPDATE daten set enddate='2016-05-28', sortende=2457537, differenz=34211 where id=32036;
Franciszek_Macharski$UPDATE daten set enddate='2016-08-2', sortende=2457603, differenz=32582 where id=34756;
Wolfram_Siebeck$UPDATE daten set enddate='2016-07-7', sortende=2457577, differenz=32068 where id=34980;
Silvano_Piovanelli$UPDATE daten set enddate='2016-07-9', sortende=2457579, differenz=33742 where id=35445;
Herbert_Schui$UPDATE daten set enddate='2016-08-14', sortende=2457615, differenz=27913 where id=35569;
Thomas_Luckmann$UPDATE daten set enddate='2016-05-10', sortende=2457519, differenz=32351 where id=35868;
Tr?nh_Th?_Ng?$UPDATE daten set enddate='2016-09-30', sortende=2457662, differenz=31319 where id=37475;
Jutta_Semler$UPDATE daten set enddate='2016-07-1', sortende=2457571, differenz=27347 where id=38629;
Peter_Janich$UPDATE daten set enddate='2016-09-4', sortende=2457636, differenz=27272 where id=39748;
Einojuhani_Rautavaara$UPDATE daten set enddate='2016-07-27', sortende=2457597, differenz=32068 where id=41774;
John_Gudenus$UPDATE daten set enddate='2016-09-14', sortende=2457646, differenz=27689 where id=43339;
Loris_Francesco_Capovilla$UPDATE daten set enddate='2016-05-26', sortende=2457535, differenz=36750 where id=43518;
Corry_Brokken$UPDATE daten set enddate='2016-05-31', sortende=2457540, differenz=30495 where id=44064;
Natalie_Cole$UPDATE daten set enddate='2015-12-31', sortende=2457388, differenz=24069 where id=44735;
Barbara_Kisseler$UPDATE daten set enddate='2016-10-7', sortende=2457669, differenz=24501 where id=46179;
Jean-Christophe_Yoccoz$UPDATE daten set enddate='2016-09-3', sortende=2457635, differenz=21647 where id=47917;
Fritz_Stern$UPDATE daten set enddate='2016-05-18', sortende=2457527, differenz=32978 where id=48466;
Detlef_Kleinert$UPDATE daten set enddate='2016-06-17', sortende=2457557, differenz=30642 where id=48864;
Gerd_Haeffner$UPDATE daten set enddate='2016-10-12', sortende=2457674, differenz=27492 where id=49213;
Rudolf_Kálmán$UPDATE daten set enddate='2016-07-2', sortende=2457572, differenz=31456 where id=49665;
Ahmed_Zewail$UPDATE daten set enddate='2016-08-2', sortende=2457603, differenz=25725 where id=51676;
Michel_Butor$UPDATE daten set enddate='2016-08-24', sortende=2457625, differenz=32852 where id=52371;
Reinhart_Ahlrichs$UPDATE daten set enddate='2016-10-12', sortende=2457674, differenz=28029 where id=57634;
Sergio_Vitier$UPDATE daten set enddate='2016-05-1', sortende=2457510, differenz=24941 where id=58116;
Lothar_Dräger$UPDATE daten set enddate='2016-07-9', sortende=2457579, differenz=32679 where id=60400;
Wolfgang_Joecks$UPDATE daten set enddate='2016-08-9', sortende=2457610, differenz=23231 where id=61629;
Wolfram_Brück$UPDATE daten set enddate='2016-06-15', sortende=2457555, differenz=28963 where id=62023;
Hans_Boll$UPDATE daten set enddate='2016-06-12', sortende=2457552, differenz=33803 where id=64288;
Lutz_D._Schmadel$UPDATE daten set enddate='2016-10-21', sortende=2457683, differenz=27140 where id=64395;
John_Alan_Robinson$UPDATE daten set enddate='2016-08-5', sortende=2457606, differenz=32359 where id=65779;
Yves_Bonnefoy$UPDATE daten set enddate='2016-07-1', sortende=2457571, differenz=33976 where id=65973;
Willibald_Böck$UPDATE daten set enddate='2016-08-2', sortende=2457603, differenz=25418 where id=66252;
Elisabeth_Moltmann-Wendel$UPDATE daten set enddate='2016-06-7', sortende=2457547, differenz=33030 where id=67555;
John_W._Olney$UPDATE daten set enddate='2015-04-14', sortende=2457127, differenz=30489 where id=72545;
Jörg_Zink$UPDATE daten set enddate='2016-09-9', sortende=2457641, differenz=34260 where id=73515;
Heinz-Dieter_Heckmann$UPDATE daten set enddate='2016-06-12', sortende=2457552, differenz=23173 where id=74431;
Walter_Greiner$UPDATE daten set enddate='2016-10-5', sortende=2457667, differenz=29562 where id=77244;
Solomon_W._Golomb$UPDATE daten set enddate='2016-05-1', sortende=2457510, differenz=30652 where id=77862;
Rolf_Terheyden$UPDATE daten set enddate='2016-10-15', sortende=2457677, differenz=33132 where id=81619;
Vera_Henriksen$UPDATE daten set enddate='2016-05-23', sortende=2457532, differenz=32570 where id=82846;
Claus_Ogerman$UPDATE daten set enddate='2016-03-8', sortende=2457456, differenz=31360 where id=83774;
Günter_Flessner$UPDATE daten set enddate='2016-05-12', sortende=2457521, differenz=31233 where id=85290;
Rolf_Hennig$UPDATE daten set enddate='2016-03-14', sortende=2457462, differenz=32025 where id=87265;
Franz_Werner_Schäfer$UPDATE daten set enddate='2016-07-14', sortende=2457584, differenz=34825 where id=89282;
Wayne_Rogers$UPDATE daten set enddate='2015-12-31', sortende=2457388, differenz=30218 where id=91908;
Hans_von_Keler$UPDATE daten set enddate='2016-09-22', sortende=2457654, differenz=33187 where id=95446;
Lothar_Kusche$UPDATE daten set enddate='2016-08-20', sortende=2457621, differenz=31887 where id=97632;
Arnold_Palmer$UPDATE daten set enddate='2016-09-25', sortende=2457657, differenz=31792 where id=97721;
Hans-Jürgen_Krysmanski$UPDATE daten set enddate='2016-06-9', sortende=2457549, differenz=29446 where id=100256;
Walter_J._Hollenweger$UPDATE daten set enddate='2016-08-10', sortende=2457611, differenz=32729 where id=101127;
 Tracy_Caulkins;
Karl_W._Butzer$UPDATE daten set enddate='2016-05-4', sortende=2457513, differenz=29844 where id=107929;
 Raimund_Jakobs;
 Otto_Foit;
Rupert_Gottfried_Frieberger$UPDATE daten set enddate='2016-10-16', sortende=2457678, differenz=23946 where id=110543;
 Fanny_Müller;
Thomas_Beimel$UPDATE daten set enddate='2016-06-29', sortende=2457569, differenz=17928 where id=111144;
Richard_Sapper$UPDATE daten set enddate='2015-12-31', sortende=2457388, differenz=30530 where id=112751;
 Hans_Appelbaum;
Wolfgang_Welt$UPDATE daten set enddate='2016-06-19', sortende=2457559, differenz=23181 where id=116075;
Nikolaus_Klehr$UPDATE daten set enddate='2016-05-01', sortende=2457510, differenz=26419 where id=116101;
Dieter_Biallas$UPDATE daten set enddate='2016-07-17', sortende=2457587, differenz=29248 where id=117830;
James_Cooley$UPDATE daten set enddate='2016-06-29', sortende=2457569, differenz=33052 where id=119897;
Gerhard_Moritz_Meyer$UPDATE daten set enddate='2016-05-18', sortende=2457527, differenz=28974 where id=121808;
Hermann_Franz_(Manager)$UPDATE daten set enddate='2016-10-8', sortende=2457670, differenz=32092 where id=123817;
Ya?ar_Nuri_Öztürk$UPDATE daten set enddate='2016-06-22', sortende=2457562, differenz=25933 where id=124401;
 Robert_Hector;
Leonidas_Donskis$UPDATE daten set enddate='2016-09-21', sortende=2457653, differenz=19763 where id=129416;
 Grigori_Alexandrowitsch_Galizyn;
Hans_Mühlethaler$UPDATE daten set enddate='2016-09-17', sortende=2457649, differenz=31482 where id=131764;
Gerald_Grosvenor,_6._Duke_of_Westminster$UPDATE daten set enddate='2016-08-9', sortende=2457610, differenz=23607 where id=133360;
Helmuth_Kern$UPDATE daten set enddate='2016-11-8', sortende=2457701, differenz=32847 where id=133740;
Marliese_Alfken$UPDATE daten set enddate='2016-07-12', sortende=2457582, differenz=30207 where id=135802;
Benito_Wogatzki$UPDATE daten set enddate='2016-07-25', sortende=2457595, differenz=30644 where id=139100;
Ingrid_Siepmann$UPDATE daten set enddate='1982-01-01', sortende=2444971, differenz=13717 where id=141363;
Paul_Ruhstrat$UPDATE daten set enddate='2016-07-15', sortende=2457585, differenz=78723 where id=142340;
Fasil_Abdulowitsch_Iskander$UPDATE daten set enddate='2016-07-31', sortende=2457601, differenz=31924 where id=142681;
Gert_Lütgert$UPDATE daten set enddate='2016-10-8', sortende=2457670, differenz=28075 where id=143450;
Rudolf_Stilcken$UPDATE daten set enddate='2016-06-11', sortende=2457551, differenz=33399 where id=145715;
Jack_C._Taylor$UPDATE daten set enddate='2016-07-2', sortende=2457572, differenz=34413 where id=147706;
Manfred_Geßner$UPDATE daten set enddate='2016-10-31', sortende=2457693, differenz=31017 where id=149172;
Inocente_Carreño$UPDATE daten set enddate='2016-06-29', sortende=2457569, differenz=35248 where id=149440;
Tim_LaHaye$UPDATE daten set enddate='2016-07-25', sortende=2457595, differenz=32962 where id=150456;
Gerhard_Braun_(Musiker)$UPDATE daten set enddate='2016-02-14', sortende=2457433, differenz=30668 where id=150475;
Sheri_S._Tepper$UPDATE daten set enddate='2016-10-22', sortende=2457684, differenz=31875 where id=156195;
 Pawel_Andrejewitsch_Lebedew;
 Natalja_Sergejewna_Schestakowa;
 Florian_Rohdenburg;
Reinhold_Remmert$UPDATE daten set enddate='2016-03-9', sortende=2457457, differenz=31307 where id=161288;
Hermann_Scheipers$UPDATE daten set enddate='2016-06-2', sortende=2457542, differenz=37569 where id=161761;
 Angelina_Amaris;
Hüseyin_Taylan_Öney$UPDATE daten set enddate='2016-10-30', sortende=2457692, differenz=25289 where id=162596;
Sabine_Boehlich$UPDATE daten set enddate='2016-08-8', sortende=2457609, differenz=24209 where id=166222;
Gabriele_Amorth$UPDATE daten set enddate='2016-09-16', sortende=2457648, differenz=33376 where id=167674;
 Christian_Schramm;
Ulrich_Heber$UPDATE daten set enddate='2016-06-12', sortende=2457552, differenz=31277 where id=169514;
Georg_Klingenberg_(Jurist)$UPDATE daten set enddate='2016-07-31', sortende=2457601, differenz=27210 where id=169824;
 Jürgen_Schwake;
Wilhelm_Breuning$UPDATE daten set enddate='2016-05-19', sortende=2457528, differenz=35068 where id=172223;
Francesco_Sgalambro$UPDATE daten set enddate='2016-08-11', sortende=2457612, differenz=30068 where id=175897;
Sonia_Rykiel$UPDATE daten set enddate='2016-08-25', sortende=2457626, differenz=31504 where id=178354;
Giovanni_Coppa$UPDATE daten set enddate='2016-05-16', sortende=2457525, differenz=33061 where id=178850;
Klaus_Seehafer$UPDATE daten set enddate='2016-05-23', sortende=2457532, differenz=25239 where id=179885;
W?odzimierz_Odojewski$UPDATE daten set enddate='2016-07-20', sortende=2457590, differenz=31448 where id=180291;
 Iwetta_Wladimirowna_Gerassimtschuk;
James_Galanos$UPDATE daten set enddate='2016-10-30', sortende=2457692, differenz=33643 where id=185420;
John_David_Jackson$UPDATE daten set enddate='2016-05-20', sortende=2457529, differenz=33359 where id=185539;
Tadeusz_Goc?owski$UPDATE daten set enddate='2016-05-3', sortende=2457512, differenz=30911 where id=188820;
György_Márkus$UPDATE daten set enddate='2016-10-6', sortende=2457668, differenz=30127 where id=189257;
Diethardt_von_Preuschen$UPDATE daten set enddate='2016-08-26', sortende=2457627, differenz=29757 where id=192109;
Ali_Javan$UPDATE daten set enddate='2016-09-12', sortende=2457644, differenz=32768 where id=192255;
William_Trevor$UPDATE daten set enddate='2016-11-20', sortende=2457713, differenz=32322 where id=192303;
Johannes_Kopp_(Pallottiner)$UPDATE daten set enddate='2016-06-22', sortende=2457562, differenz=32680 where id=192585;
 Manuel_Berger;
Raymond_Battegay$UPDATE daten set enddate='2016-10-4', sortende=2457666, differenz=32607 where id=194281;
Pavlos_Tzermias$UPDATE daten set enddate='2016-05-13', sortende=2457522, differenz=33246 where id=194677;
Reg_Grundy$UPDATE daten set enddate='2016-05-6', sortende=2457515, differenz=33879 where id=194767;
Jürg_Frischknecht$UPDATE daten set enddate='2016-07-18', sortende=2457588, differenz=25379 where id=196627;
Lois_Duncan$UPDATE daten set enddate='2016-06-15', sortende=2457555, differenz=29999 where id=196805;
George_Washington_(Posaunist)$UPDATE daten set enddate='2016-07-27', sortende=2457597, differenz=39730 where id=201065;
Wolfgang_Throll$UPDATE daten set enddate='2016-10-19', sortende=2457681, differenz=31596 where id=201494;
Michael_Herr$UPDATE daten set enddate='2016-06-23', sortende=2457563, differenz=27830 where id=202841;
Benedikt_Schwank$UPDATE daten set enddate='2016-10-14', sortende=2457676, differenz=34150 where id=203059;
Heinz_Sebiger$UPDATE daten set enddate='2016-08-25', sortende=2457626, differenz=34138 where id=204451;
Irene_Müller_(Politikerin)$UPDATE daten set enddate='2016-06-15', sortende=2457555, differenz=22435 where id=208523;
Wolfhart_Zimmermann$UPDATE daten set enddate='2016-09-18', sortende=2457650, differenz=32356 where id=209022;
Joseph_B._Keller$UPDATE daten set enddate='2016-09-7', sortende=2457639, differenz=34007 where id=210337;
 Robert_Makowski;
Robert_Todd_Carroll$UPDATE daten set enddate='2016-08-25', sortende=2457626, differenz=26169 where id=213583;
Manfred_Posch$UPDATE daten set enddate='2016-07-1', sortende=2457571, differenz=26797 where id=213986;
Antonín_Rükl$UPDATE daten set enddate='2016-07-11', sortende=2457581, differenz=30873 where id=214794;
Joachim_Garz$UPDATE daten set enddate='2016-03-8', sortende=2457456, differenz=31362 where id=218510;
Peter_Leo_Gerety$UPDATE daten set enddate='2016-09-20', sortende=2457652, differenz=38049 where id=218770;
Roger_Godement$UPDATE daten set enddate='2016-07-21', sortende=2457591, differenz=34627 where id=220596;
Jan_van_Cauwelaert$UPDATE daten set enddate='2016-08-18', sortende=2457619, differenz=37384 where id=221122;
Kemal_Unak?tan$UPDATE daten set enddate='2016-10-12', sortende=2457674, differenz=25808 where id=225662;
Max_Ziegelbauer$UPDATE daten set enddate='2016-11-21', sortende=2457714, differenz=34045 where id=229614;
Jackie_Pigeaud$UPDATE daten set enddate='2016-11-13', sortende=2457706, differenz=29034 where id=231825;
Klaus_Lüderssen$UPDATE daten set enddate='2016-06-4', sortende=2457544, differenz=30714 where id=232452;
Pelle_Gudmundsen-Holmgreen$UPDATE daten set enddate='2016-06-27', sortende=2457567, differenz=30534 where id=232967;
Nikolaus_Messmer$UPDATE daten set enddate='2016-07-18', sortende=2457588, differenz=22492 where id=233016;
Dolliver_Nelson$UPDATE daten set enddate='2016-07-18', sortende=2457588, differenz=30702 where id=234117;
Valter_Ojakäär$UPDATE daten set enddate='2016-10-26', sortende=2457688, differenz=34199 where id=234338;
Alfred_G._Knudson$UPDATE daten set enddate='2016-07-10', sortende=2457580, differenz=34304 where id=234739;
Erwin_Sturm$UPDATE daten set enddate='2016-05-4', sortende=2457513, differenz=32500 where id=236031;
Franz_Schupp$UPDATE daten set enddate='2016-04-11', sortende=2457490, differenz=29014 where id=236483;
Christiane_Uhlhorn$UPDATE daten set enddate='2016-08-1', sortende=2457602, differenz=32690 where id=237069;
Erwin_Hahn$UPDATE daten set enddate='2016-09-20', sortende=2457652, differenz=34802 where id=240136;
Marcel_Berger$UPDATE daten set enddate='2016-10-15', sortende=2457677, differenz=32692 where id=241094;
Alfredo_Bauer$UPDATE daten set enddate='2016-05-21', sortende=2457530, differenz=33426 where id=242104;
Ilse_Unold$UPDATE daten set enddate='2016-09-6', sortende=2457638, differenz=27046 where id=243412;
Ellen_Niit$UPDATE daten set enddate='2016-05-30', sortende=2457539, differenz=32098 where id=246584;
Edmond_Lee_Browning$UPDATE daten set enddate='2016-07-11', sortende=2457581, differenz=31899 where id=249725;
Joan_Acker$UPDATE daten set enddate='2016-06-22', sortende=2457562, differenz=33776 where id=251974;
Lucy_Baxley$UPDATE daten set enddate='2016-10-14', sortende=2457676, differenz=28787 where id=252611;
Konrad_von_Rabenau$UPDATE daten set enddate='2016-07-23', sortende=2457593, differenz=33774 where id=256286;
Miguel_José_Asurmendi_Aramendia$UPDATE daten set enddate='2016-08-9', sortende=2457610, differenz=27915 where id=261235;
Elaine_Fantham$UPDATE daten set enddate='2016-07-11', sortende=2457581, differenz=30363 where id=261769;
Zygmunt_Zimowski$UPDATE daten set enddate='2016-07-12', sortende=2457582, differenz=24568 where id=262546;
Carlos_Gorostiza$UPDATE daten set enddate='2016-07-19', sortende=2457589, differenz=35106 where id=262812;
Geoffrey_Hill$UPDATE daten set enddate='2016-06-30', sortende=2457570, differenz=30693 where id=263410;
Myles_McKeon$UPDATE daten set enddate='2016-05-2', sortende=2457511, differenz=35459 where id=263493;
Helmut_Rechenberg$UPDATE daten set enddate='2016-11-10', sortende=2457703, differenz=29168 where id=264132;
Manfred_J._M._Neumann$UPDATE daten set enddate='2016-07-9', sortende=2457579, differenz=27600 where id=264473;
Ursula_Franklin$UPDATE daten set enddate='2016-07-22', sortende=2457592, differenz=34643 where id=265166;
Tom_Apostol$UPDATE daten set enddate='2016-05-8', sortende=2457517, differenz=33865 where id=267553;
Norman_Kwong$UPDATE daten set enddate='2016-09-3', sortende=2457635, differenz=31726 where id=267913;
Ilse_Rohnacher$UPDATE daten set enddate='2016-05-22', sortende=2457531, differenz=32822 where id=268980;
Eberhard_Zeidler_(Mathematiker)$UPDATE daten set enddate='2016-11-18', sortende=2457711, differenz=27802 where id=269711;
 Rob_Tielman;
Erich_Tschernitz$UPDATE daten set enddate='2015-12-31', sortende=2457388, differenz=30155 where id=270758;
Christian_Gottfried_Dierig$UPDATE daten set enddate='2016-06-5', sortende=2457545, differenz=33840 where id=271005;
 Klaus_Schnellenkamp;
 Caroline_Pierce;
 Zana_Krasniqi;
 Torsten_Jaschek;
 Jasmin_Besig;
Joseph_Atsumi_Misue$UPDATE daten set enddate='2016-06-28', sortende=2457568, differenz=29285 where id=281379;
Antonius_John$UPDATE daten set enddate='2016-05-11', sortende=2457520, differenz=34186 where id=281655;
Wilhelm_Filla$UPDATE daten set enddate='2016-06-23', sortende=2457563, differenz=25376 where id=281811;
Franz_Baum_(Politiker)$UPDATE daten set enddate='2016-09-4', sortende=2457636, differenz=32629 where id=282172;
Felix_Auer$UPDATE daten set enddate='2016-07-31', sortende=2457601, differenz=33191 where id=284838;
Gordon_Borrie,_Baron_Borrie$UPDATE daten set enddate='2016-09-30', sortende=2457662, differenz=31248 where id=284935;
Gladys_Nordenstrom$UPDATE daten set enddate='2016-07-5', sortende=2457575, differenz=33646 where id=285637;
 Katja_Günther_(Rechtsanwältin);
 Dagmar_Laurens;
T._W._B._Kibble$UPDATE daten set enddate='2016-06-2', sortende=2457542, differenz=30477 where id=288302;
Mahasweta_Devi$UPDATE daten set enddate='2016-07-28', sortende=2457598, differenz=33068 where id=288659;
Walter_Wimmel$UPDATE daten set enddate='2016-04-10', sortende=2457489, differenz=34164 where id=289572;
Solomon_Feferman$UPDATE daten set enddate='2016-07-26', sortende=2457596, differenz=32002 where id=292972;
Bjarni_Jónsson_(Mathematiker)$UPDATE daten set enddate='2016-09-30', sortende=2457662, differenz=35337 where id=293270;
Horst-Günter_Zimmer$UPDATE daten set enddate='2016-09-24', sortende=2457656, differenz=28941 where id=296187;
Leland_Bardwell$UPDATE daten set enddate='2016-06-28', sortende=2457568, differenz=34512 where id=296327;
Wolfgang_Marcus$UPDATE daten set enddate='2016-08-9', sortende=2457610, differenz=32441 where id=299381;
Hans_Lachenmann$UPDATE daten set enddate='2016-08-26', sortende=2457627, differenz=32401 where id=299713;
Christoph_Überhuber$UPDATE daten set enddate='2016-08-26', sortende=2457627, differenz=25507 where id=299888;
Girolamo_Prigione$UPDATE daten set enddate='2016-05-27', sortende=2457536, differenz=34561 where id=300033;
Jacques_Werup$UPDATE daten set enddate='2016-11-12', sortende=2457705, differenz=26235 where id=300177;
Ross_Honsberger$UPDATE daten set enddate='2016-04-3', sortende=2457482, differenz=31869 where id=303895;
 Sebastian_Freitag;
 Iñaki_Urkiaga;
Werner_Arn$UPDATE daten set enddate='2016-11-20', sortende=2457713, differenz=27352 where id=308360;
Werner_Thieme$UPDATE daten set enddate='2016-06-16', sortende=2457556, differenz=33850 where id=311042;
Dieter_Grande$UPDATE daten set enddate='2016-04-30', sortende=2457509, differenz=31477 where id=311848;
John_Bradshaw_(Theologe)$UPDATE daten set enddate='2016-05-8', sortende=2457517, differenz=30264 where id=312651;
 Achim_Storz;
 Branko_Arnšek;
Jeffrey_Nape$UPDATE daten set enddate='2016-07-8', sortende=2457578, differenz=23930 where id=316940;
Schahram_Amiri$UPDATE daten set enddate='2016-08-3', sortende=2457604, differenz=14148 where id=316954;
 Julian_Fritz;
Martin_Mlecko$UPDATE daten set enddate='2016-09-25', sortende=2457657, differenz=24009 where id=317496;
Malte_S._Sembten$UPDATE daten set enddate='2016-04-22', sortende=2457501, differenz=18558 where id=319208;
 Hauke_von_Grimm;
Yvonne_M._Barr$UPDATE daten set enddate='2016-02-13', sortende=2457432, differenz=30724 where id=322285;
Fabjan_Hafner$UPDATE daten set enddate='2016-05-10', sortende=2457519, differenz=18234 where id=322790;
Kurt_Tittel$UPDATE daten set enddate='2016-08-20', sortende=2457621, differenz=35096 where id=323081;
Herbert_Donner$UPDATE daten set enddate='2016-04-28', sortende=2457507, differenz=31483 where id=324126;
Theodore_Wilbur_Anderson$UPDATE daten set enddate='2016-09-17', sortende=2457649, differenz=35899 where id=325562;
Horst_Klein$UPDATE daten set enddate='2016-11-2', sortende=2457695, differenz=38965 where id=326400;
Denys_Wilkinson$UPDATE daten set enddate='2016-04-22', sortende=2457501, differenz=34198 where id=327234;
Karl_Eigen$UPDATE daten set enddate='2016-05-13', sortende=2457522, differenz=32334 where id=327596;
Heinz_Lund$UPDATE daten set enddate='2016-05-3', sortende=2457512, differenz=33210 where id=328128;
Andrea_Maria_Erba$UPDATE daten set enddate='2016-05-21', sortende=2457530, differenz=31552 where id=329713;
Luc_Hoffmann$UPDATE daten set enddate='2016-07-21', sortende=2457591, differenz=34148 where id=331286;
 Freya_Casey;
András_Hajnal$UPDATE daten set enddate='2016-07-30', sortende=2457600, differenz=31125 where id=331469;
Tan_Lei$UPDATE daten set enddate='2016-04-1', sortende=2457480, differenz=19373 where id=331865;
Isolde_Thormeyer$UPDATE daten set enddate='2016-07-31', sortende=2457601, differenz=36371 where id=333355;
Hermann_Stenger$UPDATE daten set enddate='2016-06-26', sortende=2457566, differenz=35000 where id=333505;
Günter_Krusche$UPDATE daten set enddate='2016-07-5', sortende=2457575, differenz=31177 where id=336439;
 Alexander_Ostapowez;
Klaus_Schöpsdau$UPDATE daten set enddate='2016-10-28', sortende=2457690, differenz=27754 where id=337986;
Roger_Lallemand$UPDATE daten set enddate='2016-10-20', sortende=2457682, differenz=30958 where id=338014;
Heinz_Pfeiffer_(Kunstradfahrer)$UPDATE daten set enddate='2015-12-31', sortende=2457388, differenz=30552 where id=338295;
Jerry_Dumas$UPDATE daten set enddate='2016-11-10', sortende=2457703, differenz=31569 where id=338315;
Andries_Kinsbergen$UPDATE daten set enddate='2016-06-24', sortende=2457564, differenz=32780 where id=339195;
Godo_Lieberg$UPDATE daten set enddate='2016-07-31', sortende=2457601, differenz=31625 where id=339555;
Ronald_Davidson$UPDATE daten set enddate='2016-05-19', sortende=2457528, differenz=27349 where id=339834;
Ronald_Shaw$UPDATE daten set enddate='2016-10-13', sortende=2457675, differenz=31815 where id=344183;
 Derya_Bengi;
Pierre_Fertil$UPDATE daten set enddate='2015-03-11', sortende=2457093, differenz=33632 where id=344322;
Joe_Juhnke$UPDATE daten set enddate='2016-09-1', sortende=2457633, differenz=33381 where id=346694;
Beth_Howland$UPDATE daten set enddate='2015-12-31', sortende=2457388, differenz=27245 where id=347798;
Otto_Schaude$UPDATE daten set enddate='2016-09-27', sortende=2457659, differenz=26402 where id=349611;
Theophil_Eicher$UPDATE daten set enddate='2016-10-21', sortende=2457683, differenz=30743 where id=349981;
Werner_Reutter$UPDATE daten set enddate='2016-05-28', sortende=2457537, differenz=28967 where id=350709;
Susan_Lindquist$UPDATE daten set enddate='2016-10-27', sortende=2457689, differenz=24616 where id=351773;
 Silvio_Knop;
Heinrich_Stremitzer$UPDATE daten set enddate='2016-04-30', sortende=2457509, differenz=29229 where id=353249;
Hans_Stiff$UPDATE daten set enddate='2016-07-18', sortende=2457588, differenz=32487 where id=354998;
Eberhard_Dülfer$UPDATE daten set enddate='2016-05-26', sortende=2457535, differenz=33676 where id=355087;
Fritz_Tschol$UPDATE daten set enddate='2016-10-16', sortende=2457678, differenz=32065 where id=356509;
Jack_Treynor$UPDATE daten set enddate='2016-05-11', sortende=2457520, differenz=31491 where id=356589;
Margaret_Bakkes$UPDATE daten set enddate='2016-06-29', sortende=2457569, differenz=30879 where id=357490;
Markus_Berger_(Politiker)$UPDATE daten set enddate='2016-10-29', sortende=2457691, differenz=28764 where id=359425;
Gerhard_Pfohl$UPDATE daten set enddate='2016-06-29', sortende=2457569, differenz=31910 where id=361227;
Paul_Möller$UPDATE daten set enddate='2016-05-8', sortende=2457517, differenz=36384 where id=361353;
Norbert_Makowski$UPDATE daten set enddate='2016-08-18', sortende=2457619, differenz=30589 where id=362724;
Ivo_Pitanguy$UPDATE daten set enddate='2016-08-6', sortende=2457607, differenz=32905 where id=363168;
Helen_Edwards$UPDATE daten set enddate='2016-06-21', sortende=2457561, differenz=29392 where id=365668;
John_Madey$UPDATE daten set enddate='2016-07-5', sortende=2457575, differenz=26849 where id=365886;
Edward_Lofgren$UPDATE daten set enddate='2016-09-5', sortende=2457637, differenz=37486 where id=366326;
Ehrenfried_Schulz$UPDATE daten set enddate='2016-07-31', sortende=2457601, differenz=28020 where id=366336;
Emma_Bachmayer$UPDATE daten set enddate='2016-10-24', sortende=2457686, differenz=78824 where id=366367;
Gustavo_Bueno_(Philosoph)$UPDATE daten set enddate='2016-08-7', sortende=2457608, differenz=33578 where id=366368;
Bernhard_Dilger$UPDATE daten set enddate='2016-06-2', sortende=2457542, differenz=31140 where id=369281;
 Ain?rs_Podzi?š;
Gert_Nicolaysen$UPDATE daten set enddate='2016-06-19', sortende=2457559, differenz=31179 where id=370639;
Anton_Kolb$UPDATE daten set enddate='2016-07-27', sortende=2457597, differenz=30921 where id=371437;
Stefan_Jentsch$UPDATE daten set enddate='2016-10-29', sortende=2457691, differenz=22434 where id=371846;
 Sergei_Sergejewitsch_Bernazki;
Umberto_Veronesi$UPDATE daten set enddate='2016-11-8', sortende=2457701, differenz=33218 where id=374026;
John_Imbrie$UPDATE daten set enddate='2016-05-13', sortende=2457522, differenz=33186 where id=374535;
Gonzalo_López_Marañón$UPDATE daten set enddate='2016-05-7', sortende=2457516, differenz=30167 where id=374591;
Salvador_Quizon$UPDATE daten set enddate='2016-08-5', sortende=2457606, differenz=33480 where id=375270;
Arquimínio_Rodrigues_da_Costa$UPDATE daten set enddate='2016-09-12', sortende=2457644, differenz=33669 where id=375317;
James_Martin_Hayes$UPDATE daten set enddate='2016-08-2', sortende=2457603, differenz=33670 where id=375816;
Jean_Chabbert$UPDATE daten set enddate='2016-09-20', sortende=2457652, differenz=34962 where id=375940;
Irina_Wjatscheslawowna_Rakobolskaja$UPDATE daten set enddate='2016-09-22', sortende=2457654, differenz=35339 where id=376844;
Henry_Sebastian_D’Souza$UPDATE daten set enddate='2016-06-27', sortende=2457567, differenz=33031 where id=377063;
Dominik_Hrušovský$UPDATE daten set enddate='2016-07-27', sortende=2457597, differenz=32929 where id=377153;
Antonio_Nuzzi$UPDATE daten set enddate='2016-09-9', sortende=2457641, differenz=32910 where id=377350;
Jusztin_Nándor_Takács$UPDATE daten set enddate='2016-07-11', sortende=2457581, differenz=32685 where id=378231;
Robert_Marie_Gay$UPDATE daten set enddate='2016-06-29', sortende=2457569, differenz=32666 where id=378240;
Leovigildo_López_Fitoria$UPDATE daten set enddate='2016-08-5', sortende=2457606, differenz=32567 where id=378379;
Gabriel_Thohey_Mahn-Gaby$UPDATE daten set enddate='2016-05-5', sortende=2457514, differenz=32371 where id=378474;
Michel_Louis_Coloni$UPDATE daten set enddate='2016-07-6', sortende=2457576, differenz=32458 where id=378529;
Giacomo_Barabino$UPDATE daten set enddate='2016-05-25', sortende=2457534, differenz=32193 where id=378705;
Howard_Raiffa$UPDATE daten set enddate='2016-07-8', sortende=2457578, differenz=33792 where id=379370;
Antônio_Eliseu_Zuqueto$UPDATE daten set enddate='2016-08-23', sortende=2457624, differenz=32258 where id=379377;
Giuseppe_De_Andrea$UPDATE daten set enddate='2016-06-29', sortende=2457569, differenz=31482 where id=379392;
Jorge_García_Isaza$UPDATE daten set enddate='2016-08-16', sortende=2457617, differenz=32187 where id=380209;
Théophane_Matthew_Thannickunnel$UPDATE daten set enddate='2016-11-18', sortende=2457711, differenz=32198 where id=380424;
Geraldo_Scarpone_Caporale$UPDATE daten set enddate='2016-10-29', sortende=2457691, differenz=32170 where id=380435;
Camille_DesRosiers$UPDATE daten set enddate='2016-05-16', sortende=2457525, differenz=31991 where id=380453;
Joseph_Michel$UPDATE daten set enddate='2016-06-3', sortende=2457543, differenz=33094 where id=380948;
Wolfgang_Gaschütz$UPDATE daten set enddate='2016-11-7', sortende=2457700, differenz=35213 where id=382339;
Anne-Marie_Nzié$UPDATE daten set enddate='2016-05-24', sortende=2457533, differenz=31190 where id=382398;
John_Aloysius_Mone$UPDATE daten set enddate='2016-10-14', sortende=2457676, differenz=31891 where id=382431;
 Katrin_Puth;
Charles_Schultze$UPDATE daten set enddate='2016-09-27', sortende=2457659, differenz=33527 where id=384561;
Antti_Hyry$UPDATE daten set enddate='2016-06-4', sortende=2457544, differenz=30909 where id=386359;
Felix_Pirani$UPDATE daten set enddate='2015-12-31', sortende=2457388, differenz=32109 where id=387054;
 Pisei_La;
Corrado_Farina$UPDATE daten set enddate='2016-07-11', sortende=2457581, differenz=28240 where id=388326;
Robert_Nye$UPDATE daten set enddate='2016-07-2', sortende=2457572, differenz=28307 where id=389242;
Leonid_Weniaminowitsch_Keldysch$UPDATE daten set enddate='2016-11-11', sortende=2457704, differenz=31265 where id=389952;
John_D._Roberts$UPDATE daten set enddate='2016-10-29', sortende=2457691, differenz=35938 where id=391026;
Pier_Giuseppe_Franci$UPDATE daten set enddate='2016-08-14', sortende=2457615, differenz=78753 where id=393048;
Jean-Claude_Decaux$UPDATE daten set enddate='2016-05-27', sortende=2457536, differenz=28744 where id=393354;
Petro_Herkulan_Maltschuk$UPDATE daten set enddate='2016-05-27', sortende=2457536, differenz=18587 where id=393517;
Cirilo_Almario$UPDATE daten set enddate='2016-10-14', sortende=2457676, differenz=31323 where id=393996;
Kenneth_Anthony_Angell$UPDATE daten set enddate='2016-10-4', sortende=2457666, differenz=31474 where id=394014;
Werner_Lutz$UPDATE daten set enddate='2016-07-17', sortende=2457587, differenz=31312 where id=394240;
Horacio_Ernesto_Benites_Astoul$UPDATE daten set enddate='2016-05-25', sortende=2457534, differenz=30154 where id=394254;
Silvestre_Luís_Scandián$UPDATE daten set enddate='2016-08-9', sortende=2457610, differenz=30903 where id=395069;
José_Oscar_Barahona_Castillo$UPDATE daten set enddate='2016-10-22', sortende=2457684, differenz=28452 where id=395223;
David_Every_Konstant$UPDATE daten set enddate='2016-10-9', sortende=2457671, differenz=31527 where id=395303;
Raphael_Cheenath$UPDATE daten set enddate='2016-08-14', sortende=2457615, differenz=29814 where id=395412;
 Onno_Groß;
Edward_Kevin_Daly$UPDATE daten set enddate='2016-08-8', sortende=2457609, differenz=30197 where id=395779;
Girolamo_Grillo$UPDATE daten set enddate='2016-08-22', sortende=2457623, differenz=31416 where id=396173;
Benito_Cocchi$UPDATE daten set enddate='2016-05-5', sortende=2457514, differenz=29737 where id=396389;
Luigi_Maria_Giachino$UPDATE daten set enddate='2016-08-14', sortende=2457615, differenz=78753 where id=396561;
Jérôme_Owono-Mimboe$UPDATE daten set enddate='2016-07-15', sortende=2457585, differenz=30477 where id=397117;
Aloysius_Ferdinandus_Zichem$UPDATE daten set enddate='2016-11-13', sortende=2457706, differenz=30574 where id=397156;
Leonard_Anthony_Boyle$UPDATE daten set enddate='2016-06-1', sortende=2457541, differenz=31243 where id=397775;
William_Gilbert_Chaloner$UPDATE daten set enddate='2016-10-13', sortende=2457675, differenz=32102 where id=397932;
József_Tempfli$UPDATE daten set enddate='2016-05-25', sortende=2457534, differenz=31093 where id=398218;
Luis_Gutiérrez_Martín$UPDATE daten set enddate='2016-06-22', sortende=2457562, differenz=30890 where id=398276;
Frederick_Drandua$UPDATE daten set enddate='2016-09-1', sortende=2457633, differenz=26684 where id=398504;
Carmelo_Dominador_Flores_Morelos$UPDATE daten set enddate='2016-09-17', sortende=2457649, differenz=31327 where id=398665;
Daniel_Leo_Ryan$UPDATE daten set enddate='2015-12-31', sortende=2457388, differenz=31140 where id=399361;
Gerwald_Claus-Brunner$UPDATE daten set enddate='2016-09-19', sortende=2457651, differenz=16194 where id=399948;
Thomas_George_Doran$UPDATE daten set enddate='2016-09-1', sortende=2457633, differenz=29414 where id=401241;
Rafael_Martínez_Sáinz$UPDATE daten set enddate='2016-11-6', sortende=2457699, differenz=29624 where id=401265;
Frederick_D’Souza$UPDATE daten set enddate='2016-07-12', sortende=2457582, differenz=29806 where id=401436;
Karlheinz_Bartels$UPDATE daten set enddate='2016-07-17', sortende=2457587, differenz=28743 where id=403201;
Norbert_W?grzyn$UPDATE daten set enddate='2016-01-21', sortende=2457409, differenz=20474 where id=404022;
Hans-Jürgen_Iskraut$UPDATE daten set enddate='2016-08-11', sortende=2457612, differenz=31269 where id=404815;
Matthias_Kern$UPDATE daten set enddate='2014-08-30', sortende=2456900, differenz=31653 where id=405548;
Wayne_Jackson_(Instrumentalist)$UPDATE daten set enddate='2016-06-21', sortende=2457561, differenz=27238 where id=405719;
Uri_Coronel$UPDATE daten set enddate='2016-07-18', sortende=2457588, differenz=25409 where id=406391;
Marco_Pannella$UPDATE daten set enddate='2016-05-19', sortende=2457528, differenz=31429 where id=406586;
René_Vignal$UPDATE daten set enddate='2016-11-21', sortende=2457714, differenz=32974 where id=407193;
Kurt_Steinkrauß$UPDATE daten set enddate='2013-10-3', sortende=2456569, differenz=35836 where id=407329;
Clive_Derby-Lewis$UPDATE daten set enddate='2016-11-3', sortende=2457696, differenz=29506 where id=407452;
Jan_Milan_Krkoška$UPDATE daten set enddate='2016-07-6', sortende=2457576, differenz=28311 where id=407567;
Georg_Loos$UPDATE daten set enddate='2016-06-2', sortende=2457542, differenz=42156 where id=407596;
Walter_Burkhard_(Jurist)$UPDATE daten set enddate='2016-07-31', sortende=2457601, differenz=38928 where id=408162;
Maria_Wachtler$UPDATE daten set enddate='2016-09-5', sortende=2457637, differenz=31659 where id=408616;
Hermann_Geyer_(Maler)$UPDATE daten set enddate='2016-05-30', sortende=2457539, differenz=29863 where id=409202;
Enzo_Maiorca$UPDATE daten set enddate='2016-11-13', sortende=2457706, differenz=31192 where id=409753;
Hans_Heidler$UPDATE daten set enddate='2016-06-6', sortende=2457546, differenz=32582 where id=410392;
Marcel_Artelesa$UPDATE daten set enddate='2016-09-23', sortende=2457655, differenz=28573 where id=411013;
Muhammad_Masmudi$UPDATE daten set enddate='2016-11-7', sortende=2457700, differenz=34644 where id=411055;
Helmut_Adamzyk$UPDATE daten set enddate='1996-06-22', sortende=2450257, differenz=25704 where id=411071;
Nicolas_Koob$UPDATE daten set enddate='2016-10-22', sortende=2457684, differenz=31500 where id=411361;
Heidrun_Hartmann$UPDATE daten set enddate='2016-07-11', sortende=2457581, differenz=27004 where id=411913;
Patrick_Mayhew$UPDATE daten set enddate='2016-06-25', sortende=2457565, differenz=31699 where id=412125;
Emma_Cohen$UPDATE daten set enddate='2016-07-11', sortende=2457581, differenz=25435 where id=412757;
Johannes_Barthel$UPDATE daten set enddate='2015-12-17', sortende=2457374, differenz=30704 where id=412774;
Emil_Becks$UPDATE daten set enddate='2014-04-17', sortende=2456765, differenz=32543 where id=413940;
B._J._Losmandy$UPDATE daten set enddate='2008-04-19', sortende=2454576, differenz=39190 where id=414071;
Karl-Friedrich_Knoche$UPDATE daten set enddate='2016-05-14', sortende=2457523, differenz=30092 where id=415134;
René_Marsiglia$UPDATE daten set enddate='2016-09-25', sortende=2457657, differenz=20826 where id=415779;
Moidele_Bickel$UPDATE daten set enddate='2016-05-16', sortende=2457525, differenz=28990 where id=416528;
Angel_Gelmi_Bertocchi$UPDATE daten set enddate='2016-06-17', sortende=2457557, differenz=28544 where id=416903;
Giovanni_Migliorati_(Bischof)$UPDATE daten set enddate='2016-05-12', sortende=2457521, differenz=26925 where id=417238;
Karel_R?ži?ka$UPDATE daten set enddate='2016-09-26', sortende=2457658, differenz=27875 where id=417364;
Riki_Sorsa$UPDATE daten set enddate='2016-05-10', sortende=2457519, differenz=23146 where id=417540;
Rudolf_Agstner$UPDATE daten set enddate='2016-05-19', sortende=2457528, differenz=23880 where id=417630;
Kinjo_Hiroshi$UPDATE daten set enddate='2013-10-10', sortende=2456576, differenz=34616 where id=418336;
Klaus_Spürkel$UPDATE daten set enddate='2016-07-20', sortende=2457590, differenz=24982 where id=418925;
 Ruud_van_IJperen;
 Peter_Platt;
Heinrich_Gleissner$UPDATE daten set enddate='2016-06-1', sortende=2457541, differenz=32314 where id=420100;
Lasse_Mårtenson$UPDATE daten set enddate='2016-05-14', sortende=2457523, differenz=29818 where id=420139;
Guido_Guerrasio$UPDATE daten set enddate='2015-05-3', sortende=2457146, differenz=34631 where id=420317;
 Sergei_Lwowitsch_Tabatschnikow;
Franz_Chmel$UPDATE daten set enddate='2016-08-18', sortende=2457619, differenz=26472 where id=420465;
 Markus_Hoyos;
Waleri_Alexandrowitsch_Abramow$UPDATE daten set enddate='2016-09-14', sortende=2457646, differenz=21938 where id=420936;
 Jonas_Sirvydis;
Miriam_Defensor_Santiago$UPDATE daten set enddate='2016-09-29', sortende=2457661, differenz=26039 where id=421492;
Hanna_Hutten$UPDATE daten set enddate='2016-10-13', sortende=2457675, differenz=42076 where id=421875;
Karl_Hartmann_(Wirtschaftswissenschaftler)$UPDATE daten set enddate='2016-07-2', sortende=2457572, differenz=31959 where id=422548;
Phyllis_Curtin$UPDATE daten set enddate='2016-06-4', sortende=2457544, differenz=34517 where id=422619;
Martín_Aguirre_Gomensoro$UPDATE daten set enddate='2016-09-7', sortende=2457639, differenz=28754 where id=422633;
Romesh_Chandra$UPDATE daten set enddate='2016-07-5', sortende=2457575, differenz=35527 where id=422739;
Luis_Batlle_Ibáñez$UPDATE daten set enddate='2016-05-25', sortende=2457534, differenz=31265 where id=422802;
Günter_Marquard$UPDATE daten set enddate='2016-04-17', sortende=2457496, differenz=33602 where id=423073;
Benjamin_Patterson$UPDATE daten set enddate='2016-06-25', sortende=2457565, differenz=29978 where id=423157;
Natalie_Babbitt$UPDATE daten set enddate='2016-10-31', sortende=2457693, differenz=30776 where id=423600;
Friedhold_Schüller$UPDATE daten set enddate='2016-04-13', sortende=2457492, differenz=33089 where id=423944;
Loretto_Petrucci$UPDATE daten set enddate='2016-06-17', sortende=2457557, differenz=31715 where id=424527;
Peter_Marxer_(Rechtsanwalt)$UPDATE daten set enddate='2016-05-30', sortende=2457539, differenz=30396 where id=424670;
Georges_Pootmans$UPDATE daten set enddate='2016-08-5', sortende=2457606, differenz=36238 where id=425020;
Kurt_Komarek$UPDATE daten set enddate='2016-05-18', sortende=2457527, differenz=32837 where id=425197;
 Sebastian_Prengel;
Karl_Schön_(SPD)$UPDATE daten set enddate='1994-06-6', sortende=2449510, differenz=25883 where id=426310;
Reinhard_Buxel$UPDATE daten set enddate='2016-08-3', sortende=2457604, differenz=23225 where id=426911;
 Rytis_Martikonis;
Philip_Hartman$UPDATE daten set enddate='2015-08-28', sortende=2457263, differenz=36629 where id=427586;
Sascha_Lewandowski$UPDATE daten set enddate='2016-06-01', sortende=2457541, differenz=16311 where id=427656;
 Barbara_Scheuermann;
Günter_Opitz$UPDATE daten set enddate='2016-09-21', sortende=2457653, differenz=32345 where id=428483;
Elfriede_Ederer-Fick$UPDATE daten set enddate='2016-07-12', sortende=2457582, differenz=24299 where id=428564;
Eduard_Nacht$UPDATE daten set enddate='2016-04-16', sortende=2457495, differenz=27895 where id=428657;
Willi_Fruth$UPDATE daten set enddate='2014-09-9', sortende=2456910, differenz=32648 where id=428686;
Hans_Voß_(Diplomat)$UPDATE daten set enddate='2016-10-14', sortende=2457676, differenz=31303 where id=428701;
Paul_Johnson_(Eishockeyspieler)$UPDATE daten set enddate='2016-07-17', sortende=2457587, differenz=28915 where id=428885;
Jack_Kirrane$UPDATE daten set enddate='2016-09-25', sortende=2457657, differenz=31448 where id=428910;
 Guosheng_Liu;
Redovino_Rizzardo$UPDATE daten set enddate='2016-11-6', sortende=2457699, differenz=28333 where id=429831;
Ilse_Kunert$UPDATE daten set enddate='2016-05-22', sortende=2457531, differenz=34040 where id=429972;
Jaime_Yavitz$UPDATE daten set enddate='2016-06-4', sortende=2457544, differenz=30164 where id=429981;
Wolfgang_Suschitzky$UPDATE daten set enddate='2016-10-7', sortende=2457669, differenz=38025 where id=430038;
Walter_Dürst$UPDATE daten set enddate='2016-05-2', sortende=2457511, differenz=32571 where id=430528;
Norbert_Montfort$UPDATE daten set enddate='2016-08-4', sortende=2457605, differenz=33328 where id=430694;
 Reinhold_Jende;
Sharon_Jones_(Sängerin)$UPDATE daten set enddate='2016-11-18', sortende=2457711, differenz=22113 where id=430870;
Edmund_Josef_Bendl$UPDATE daten set enddate='1984-06-2', sortende=2445854, differenz=25680 where id=430892;
Lennart_Häggroth$UPDATE daten set enddate='2016-08-28', sortende=2457629, differenz=27938 where id=431438;
William_Löfqvist$UPDATE daten set enddate='2016-10-23', sortende=2457685, differenz=25397 where id=431574;
Edi_Huber$UPDATE daten set enddate='2016-08-16', sortende=2457617, differenz=32691 where id=431581;
Christian_Begyn$UPDATE daten set enddate='2016-04-27', sortende=2457506, differenz=24588 where id=431744;
Carillo_Gritti$UPDATE daten set enddate='2016-06-9', sortende=2457549, differenz=27057 where id=431793;
 Ibrahim_Al-Megren;
Silvia_Tennenbaum$UPDATE daten set enddate='2016-06-27', sortende=2457567, differenz=32251 where id=431995;
Heinz_Meixner_(Markscheider)$UPDATE daten set enddate='2016-06-17', sortende=2457557, differenz=29735 where id=432001;
Tamme_Hanken$UPDATE daten set enddate='2016-10-10', sortende=2457672, differenz=20601 where id=433434;
Andre_Gambucci$UPDATE daten set enddate='2016-09-24', sortende=2457656, differenz=32093 where id=433879;
It?_Keiichi$UPDATE daten set enddate='2016-10-29', sortende=2457691, differenz=36227 where id=433944;
Gerhard_Merkl_(Politiker)$UPDATE daten set enddate='2016-11-7', sortende=2457700, differenz=27800 where id=434136;
 Heinz_Schinner;
David_A._Kyle$UPDATE daten set enddate='2016-09-18', sortende=2457650, differenz=35646 where id=434405;
Josef_Sedelmayer$UPDATE daten set enddate='2016-10-29', sortende=2457691, differenz=30300 where id=434496;
 Sandra_Gambino;
Carl-Heinz_Boettcher$UPDATE daten set enddate='2015-05-21', sortende=2457164, differenz=31831 where id=434743;
Sergio_Adolfo_Govi$UPDATE daten set enddate='2016-05-31', sortende=2457540, differenz=29921 where id=435687;
Donald_A._Henderson$UPDATE daten set enddate='2016-08-19', sortende=2457620, differenz=32123 where id=436014;
Ingo_Baumgartner$UPDATE daten set enddate='2015-07-16', sortende=2457220, differenz=26087 where id=436790;
Berend_Jan_Udink$UPDATE daten set enddate='2016-05-24', sortende=2457533, differenz=32974 where id=436835;
Mário_Wilson$UPDATE daten set enddate='2016-10-3', sortende=2457665, differenz=31763 where id=436971;
Bronis?aw_Baczko$UPDATE daten set enddate='2016-08-29', sortende=2457630, differenz=33680 where id=437344;
Andrew_Florent$UPDATE daten set enddate='2016-08-16', sortende=2457617, differenz=16733 where id=438757;
Samuil_Markowitsch_Schuchowizki$UPDATE daten set enddate='2016-10-29', sortende=2457691, differenz=36481 where id=439023;
Víctor_Mora_(Comicautor)$UPDATE daten set enddate='2016-08-17', sortende=2457618, differenz=31119 where id=439091;
Karl_Remling$UPDATE daten set enddate='2016-07-4', sortende=2457574, differenz=42188 where id=439377;
Aleksandras_Vasiliauskas$UPDATE daten set enddate='2016-09-12', sortende=2457644, differenz=27990 where id=439503;
Josef_Decker$UPDATE daten set enddate='2016-10-26', sortende=2457688, differenz=42302 where id=440760;
Jack_Hofsiss$UPDATE daten set enddate='2016-09-13', sortende=2457645, differenz=24092 where id=440876;
William_Schallert$UPDATE daten set enddate='2016-05-8', sortende=2457517, differenz=34275 where id=441075;
Paul-Gerhard_Müller$UPDATE daten set enddate='2016-09-30', sortende=2457662, differenz=27852 where id=441557;
Edmund_F._McCaffrey$UPDATE daten set enddate='2016-11-13', sortende=2457706, differenz=30624 where id=442263;
Patrick_Neill,_Baron_Neill_of_Bladen$UPDATE daten set enddate='2016-05-28', sortende=2457537, differenz=32801 where id=443730;
Hans_Peter_Laubscher_(Geologe)$UPDATE daten set enddate='2015-01-01', sortende=2457024, differenz=33228 where id=444202;
Rajmund_Pajer$UPDATE daten set enddate='2016-07-12', sortende=2457582, differenz=31604 where id=444266;
Hanna_Zora$UPDATE daten set enddate='2016-10-2', sortende=2457664, differenz=28326 where id=444293;
 Daniel_Rimkus;
Ralf-Peter_Märtin$UPDATE daten set enddate='2016-04-26', sortende=2457505, differenz=23579 where id=444578;
Vincas_Algirdas_Pranckietis$UPDATE daten set enddate='2016-05-3', sortende=2457512, differenz=34085 where id=445270;
Karl_Hinz$UPDATE daten set enddate='2016-08-8', sortende=2457609, differenz=30069 where id=445329;
Heinz-Georg_Baus$UPDATE daten set enddate='2016-05-10', sortende=2457519, differenz=30080 where id=445594;
Paul_C._Martin_(Physiker)$UPDATE daten set enddate='2016-06-19', sortende=2457559, differenz=31186 where id=445686;
Meir_Ezr?$UPDATE daten set enddate='2015-06-30', sortende=2457204, differenz=33418 where id=445858;
Roger_Dumas$UPDATE daten set enddate='2016-07-3', sortende=2457573, differenz=30736 where id=445968;
Vilim_Vasata$UPDATE daten set enddate='2016-07-8', sortende=2457578, differenz=31600 where id=446029;
Peter_Feuchtwanger$UPDATE daten set enddate='2016-06-18', sortende=2457558, differenz=28117 where id=446133;
Karl_Hans_Wedepohl$UPDATE daten set enddate='2016-05-19', sortende=2457528, differenz=33371 where id=446345;
Xia_Meng$UPDATE daten set enddate='2016-11-6', sortende=2457699, differenz=30584 where id=446385;
Friedrich_Heinzle$UPDATE daten set enddate='2013-08-13', sortende=2456518, differenz=31827 where id=447092;
 Tolga_Han_Ulusoy;
 Eva-Maria_El-Shabassy;
Gerhard_Maeß$UPDATE daten set enddate='2016-06-25', sortende=2457565, differenz=28731 where id=447478;
Cheng_Yu-tung$UPDATE daten set enddate='2016-09-29', sortende=2457661, differenz=33272 where id=448230;
Sverre_Kjelsberg$UPDATE daten set enddate='2016-06-19', sortende=2457559, differenz=25447 where id=448699;
Peter_Menke-Glückert$UPDATE daten set enddate='2016-09-7', sortende=2457639, differenz=31941 where id=448919;
Forrest_Mars,_Jr.$UPDATE daten set enddate='2016-07-26', sortende=2457596, differenz=31026 where id=449121;
Boniface_Choi_Ki-san$UPDATE daten set enddate='2016-05-30', sortende=2457539, differenz=24851 where id=449204;
Arno_Baruzzi$UPDATE daten set enddate='2016-07-20', sortende=2457590, differenz=29739 where id=449712;
Marcus_Sparnaay$UPDATE daten set enddate='2015-02-11', sortende=2457065, differenz=33644 where id=450324;
Karl-Ludwig_Weiss$UPDATE daten set enddate='2016-11-4', sortende=2457697, differenz=25510 where id=450382;
Lucjan_Avgustini$UPDATE daten set enddate='2016-05-22', sortende=2457531, differenz=19261 where id=450590;
 Hermann_Nanz;
Jacques_Rouffio$UPDATE daten set enddate='2016-07-8', sortende=2457578, differenz=32105 where id=450927;
Mirjam_Ohringer$UPDATE daten set enddate='2016-05-29', sortende=2457538, differenz=33453 where id=451168;
Reinfried_Keilich$UPDATE daten set enddate='2016-05-9', sortende=2457518, differenz=28307 where id=451285;
Georges_Fonghoro$UPDATE daten set enddate='2016-09-22', sortende=2457654, differenz=21269 where id=451565;
 Leonarda_Balog;
Rufin_Anthony$UPDATE daten set enddate='2016-10-17', sortende=2457679, differenz=28007 where id=451952;
Judes_Bicaba$UPDATE daten set enddate='2016-08-19', sortende=2457620, differenz=25433 where id=452254;
Athanasius_Atule_Usuh$UPDATE daten set enddate='2016-07-14', sortende=2457584, differenz=27954 where id=452931;
Ursula_Mamlok$UPDATE daten set enddate='2016-05-4', sortende=2457513, differenz=34061 where id=453427;
Georg_Griessner$UPDATE daten set enddate='2011-09-23', sortende=2455828, differenz=23218 where id=453523;
Marti_Friedlander$UPDATE daten set enddate='2016-11-14', sortende=2457707, differenz=32460 where id=453729;
Herman_Joseph_Sahadat_Pandoyoputro$UPDATE daten set enddate='2016-09-23', sortende=2457655, differenz=28278 where id=453810;
Leonard_Marchand$UPDATE daten set enddate='2016-06-3', sortende=2457543, differenz=30150 where id=453839;
Andrzej_Tarkowski$UPDATE daten set enddate='2016-09-23', sortende=2457655, differenz=30458 where id=454024;
Jana_Thiel$UPDATE daten set enddate='2016-07-11', sortende=2457581, differenz=16339 where id=454051;
Leo_Beranek$UPDATE daten set enddate='2016-10-11', sortende=2457673, differenz=37282 where id=454245;
Richard_A._Webb$UPDATE daten set enddate='2016-01-23', sortende=2457411, differenz=25337 where id=454702;
Mansueto_Bianchi$UPDATE daten set enddate='2016-08-3', sortende=2457604, differenz=24379 where id=454866;
 Nikolai_Wassiljewitsch_Fjodorow;
Diógenes_da_Silva_Matthes$UPDATE daten set enddate='2016-11-20', sortende=2457713, differenz=31086 where id=455079;
William_Hardy_McNeill$UPDATE daten set enddate='2016-07-8', sortende=2457578, differenz=36045 where id=455538;
Irineu_Roque_Scherer$UPDATE daten set enddate='2016-07-2', sortende=2457572, differenz=23941 where id=455614;
Rémy_Vogel$UPDATE daten set enddate='2016-10-17', sortende=2457679, differenz=20414 where id=455852;
Gerald_Paradies$UPDATE daten set enddate='2016-06-20', sortende=2457560, differenz=22004 where id=455858;
George_Wozasek$UPDATE daten set enddate='2016-10-27', sortende=2457689, differenz=33360 where id=455963;
Matthew_Evans,_Baron_Evans_of_Temple_Guiting$UPDATE daten set enddate='2016-07-6', sortende=2457576, differenz=27362 where id=455982;
Werner_Meng$UPDATE daten set enddate='2016-07-1', sortende=2457571, differenz=25019 where id=456113;
Giuseppe_Galli$UPDATE daten set enddate='2016-09-9', sortende=2457641, differenz=30513 where id=456393;
Clementia_Killewald$UPDATE daten set enddate='2016-07-2', sortende=2457572, differenz=22828 where id=456685;
Brian_Rix,_Baron_Rix$UPDATE daten set enddate='2016-08-20', sortende=2457621, differenz=33809 where id=457173;
 Marianne_Heiß;
Lutz_Fritsche$UPDATE daten set enddate='2016-07-11', sortende=2457581, differenz=26460 where id=457706;
Noel_Neill$UPDATE daten set enddate='2016-07-3', sortende=2457573, differenz=34919 where id=457772;
James_Stacy$UPDATE daten set enddate='2016-09-15', sortende=2457647, differenz=29121 where id=458201;
Rodney_Leach,_Baron_Leach_of_Fairford$UPDATE daten set enddate='2016-06-12', sortende=2457552, differenz=29962 where id=459362;
Sebastian_Papaiani$UPDATE daten set enddate='2016-09-27', sortende=2457659, differenz=29253 where id=459913;
Adrian_Enescu$UPDATE daten set enddate='2016-08-19', sortende=2457620, differenz=24978 where id=460144;
Morton_White$UPDATE daten set enddate='2016-05-27', sortende=2457536, differenz=36188 where id=460244;
José_Lello$UPDATE daten set enddate='2016-10-14', sortende=2457676, differenz=26447 where id=460311;
Erika_Stiska$UPDATE daten set enddate='2016-02-22', sortende=2457441, differenz=32741 where id=460394;
Per_Lønning$UPDATE daten set enddate='2016-08-21', sortende=2457622, differenz=32321 where id=460467;
Hans_Dedi$UPDATE daten set enddate='2016-06-12', sortende=2457552, differenz=35613 where id=460597;
Werner_Hofmann_(Senator)$UPDATE daten set enddate='2016-08-8', sortende=2457609, differenz=31157 where id=460829;
Peter_Werner_Witt$UPDATE daten set enddate='2016-10-20', sortende=2457682, differenz=78820 where id=460859;
Edmundo_Sussumu_Fujita$UPDATE daten set enddate='2016-04-6', sortende=2457485, differenz=24137 where id=461253;
Marin_Moraru$UPDATE daten set enddate='2016-08-21', sortende=2457622, differenz=29057 where id=461295;
 Joachim_Lukas;
David_Edward_Jenkins$UPDATE daten set enddate='2016-09-4', sortende=2457636, differenz=33459 where id=462652;
Sergei_Wladimirowitsch_Chawski$UPDATE daten set enddate='2016-08-10', sortende=2457611, differenz=32319 where id=462660;
August_Eberhard$UPDATE daten set enddate='2016-03-1', sortende=2457449, differenz=27216 where id=462823;
Georg_Lakner$UPDATE daten set enddate='2016-06-17', sortende=2457557, differenz=27438 where id=463341;
Helen_Delich_Bentley$UPDATE daten set enddate='2016-08-6', sortende=2457607, differenz=33855 where id=463518;
Robert_Goff,_Baron_Goff_of_Chieveley$UPDATE daten set enddate='2016-08-14', sortende=2457615, differenz=32783 where id=463751;
 Kjetil_Greve;
Hans-Horst_Henschen$UPDATE daten set enddate='2016-06-20', sortende=2457560, differenz=28701 where id=464056;
Bohdan_Hawrylyshyn$UPDATE daten set enddate='2016-10-24', sortende=2457686, differenz=33169 where id=464474;
Leonas_Kadžiulis$UPDATE daten set enddate='2014-06-12', sortende=2456821, differenz=32127 where id=464668;
Georg_Leberbauer$UPDATE daten set enddate='2016-01-1', sortende=2457389, differenz=32651 where id=464813;
Pierre_Tchernia$UPDATE daten set enddate='2016-10-8', sortende=2457670, differenz=32395 where id=465149;
Klaus_Jürgen_Herrmann$UPDATE daten set enddate='2016-05-24', sortende=2457533, differenz=25141 where id=465278;
Holger_Martin$UPDATE daten set enddate='2016-11-5', sortende=2457698, differenz=27001 where id=465518;
Heinz_de_Lange$UPDATE daten set enddate='2016-07-8', sortende=2457578, differenz=28941 where id=465817;
Karl_Lemke$UPDATE daten set enddate='2016-10-18', sortende=2457680, differenz=33894 where id=465942;
Gerhard_Reinert_(Diplomat)$UPDATE daten set enddate='2005-08-1', sortende=2453584, differenz=28314 where id=465951;
John_Martinus$UPDATE daten set enddate='2016-08-17', sortende=2457618, differenz=28146 where id=466922;
Akos_Holéczy$UPDATE daten set enddate='2016-01-19', sortende=2457407, differenz=26681 where id=467133;
Volker_Jakobitz$UPDATE daten set enddate='2016-07-11', sortende=2457581, differenz=26602 where id=467189;
David_Joy_(Filmtechniker)$UPDATE daten set enddate='1995-03-6', sortende=2449783, differenz=70921 where id=467264;
Franz_Xaver_Ertl$UPDATE daten set enddate='2016-05-23', sortende=2457532, differenz=35406 where id=467442;
Geoffrey_Dormer,_17._Baron_Dormer$UPDATE daten set enddate='2016-05-10', sortende=2457519, differenz=35061 where id=467807;
Horst_Meyer_(Physiker)$UPDATE daten set enddate='2016-08-14', sortende=2457615, differenz=33039 where id=468121;
Antonio_Aguerre$UPDATE daten set enddate='2016-10-28', sortende=2457690, differenz=78828 where id=468500;
Zygmunt_Kukla$UPDATE daten set enddate='2016-05-18', sortende=2457527, differenz=24955 where id=468593;
Ulf_Grenander$UPDATE daten set enddate='2016-05-12', sortende=2457521, differenz=33897 where id=469615;
Ilkka_Hanski$UPDATE daten set enddate='2016-05-10', sortende=2457519, differenz=23096 where id=469619;
Rolf_Ballof$UPDATE daten set enddate='2016-07-31', sortende=2457601, differenz=28701 where id=469923;
Brian_Wildsmith$UPDATE daten set enddate='2016-08-31', sortende=2457632, differenz=31633 where id=470041;
Karl-Heinz_Dähn$UPDATE daten set enddate='2016-08-21', sortende=2457622, differenz=32871 where id=470436;
Juras_Požela$UPDATE daten set enddate='2016-10-16', sortende=2457678, differenz=12606 where id=470723;
Frank_Barnett$UPDATE daten set enddate='2016-07-15', sortende=2457585, differenz=30511 where id=470751;
Bülent_Eken$UPDATE daten set enddate='2016-07-25', sortende=2457595, differenz=33876 where id=470835;
Wolfgang_Backé$UPDATE daten set enddate='2016-07-21', sortende=2457591, differenz=31773 where id=470961;
 Markus_Eichenberger;
Cliff_Barrows$UPDATE daten set enddate='2016-11-15', sortende=2457708, differenz=34192 where id=472680;
Abner_J._Mikva$UPDATE daten set enddate='2016-07-4', sortende=2457574, differenz=33037 where id=473218;
Rudolf_Kreis$UPDATE daten set enddate='2016-04-13', sortende=2457492, differenz=32975 where id=474295;
Bap_Kennedy$UPDATE daten set enddate='2016-11-1', sortende=2457694, differenz=19663 where id=474506;
Victor_H._Elbern$UPDATE daten set enddate='2016-06-10', sortende=2457550, differenz=35796 where id=475106;
Kornél_Pajor$UPDATE daten set enddate='2016-05-18', sortende=2457527, differenz=33925 where id=475112;
Gerd_Geilen$UPDATE daten set enddate='2015-11-10', sortende=2457337, differenz=30773 where id=475284;
Minoru_Tomita$UPDATE daten set enddate='2015-10-9', sortende=2457305, differenz=33483 where id=475735;
Heiko_Lueken$UPDATE daten set enddate='2016-08-5', sortende=2457606, differenz=27013 where id=476477;
 Frank_Klaumann;
Helmut_Scheidgen$UPDATE daten set enddate='1977-03-25', sortende=2443228, differenz=14040 where id=478118;
Boris_Trakhtenbrot$UPDATE daten set enddate='2016-09-19', sortende=2457651, differenz=34911 where id=478128;
Yoshimi_Katayama$UPDATE daten set enddate='2016-03-26', sortende=2457474, differenz=27709 where id=478510;
T._K._V._Desikachar$UPDATE daten set enddate='2016-08-8', sortende=2457609, differenz=28538 where id=478965;
 Marigona_Dragusha;
Götz_Harnischfeger$UPDATE daten set enddate='2016-04-26', sortende=2457505, differenz=28229 where id=479885;
Wiktor_Wladimirowitsch_Prschijalkowski$UPDATE daten set enddate='2016-08-23', sortende=2457624, differenz=31586 where id=480017;
Lorenzo_Piani_(Musiker)$UPDATE daten set enddate='2016-08-14', sortende=2457615, differenz=22237 where id=480855;
Werner_Reuther$UPDATE daten set enddate='2016-08-17', sortende=2457618, differenz=33420 where id=481998;
Herbert_Liedtke$UPDATE daten set enddate='2016-09-13', sortende=2457645, differenz=24072 where id=482049;
Helmut_Unger_(Heimatforscher)$UPDATE daten set enddate='2016-11-16', sortende=2457709, differenz=34180 where id=482078;
Gary_Sprake$UPDATE daten set enddate='2016-10-19', sortende=2457681, differenz=26132 where id=482113;
Del_Latta$UPDATE daten set enddate='2016-05-12', sortende=2457521, differenz=35132 where id=482229;
Musa_Musalaev$UPDATE daten set enddate='2016-11-18', sortende=2457711, differenz=13744 where id=482544;
Osvaldo_Sainte_Marie_Sorucco$UPDATE daten set enddate='2000-01-01', sortende=2451545, differenz=31411 where id=483313;
 Holger_Hansen;
Mario_Moroni$UPDATE daten set enddate='2016-08-13', sortende=2457614, differenz=42228 where id=485223;
Gérard_Maugin$UPDATE daten set enddate='2016-09-22', sortende=2457654, differenz=26227 where id=486090;
Karl_Svec$UPDATE daten set enddate='2016-08-7', sortende=2457608, differenz=24535 where id=486138;
Walter_Heywang$UPDATE daten set enddate='2010-07-25', sortende=2455403, differenz=31709 where id=486182;
Howard_Brenner$UPDATE daten set enddate='2014-02-17', sortende=2456706, differenz=31019 where id=486448;
Franz_Braun_(Zauberkünstler)$UPDATE daten set enddate='2016-09-27', sortende=2457659, differenz=34135 where id=486957;
 Andreas_Hasenburger;
Ursula_Koschinsky$UPDATE daten set enddate='2016-09-26', sortende=2457658, differenz=33910 where id=487219;
 Kasparas_Jurgelionis;
Victor_St?nculescu$UPDATE daten set enddate='2016-06-19', sortende=2457559, differenz=32182 where id=487849;
Thomas_Skidmore$UPDATE daten set enddate='2016-06-11', sortende=2457551, differenz=30640 where id=488587;
Christine_Fröhlich$UPDATE daten set enddate='2015-08-11', sortende=2457246, differenz=24336 where id=488667;
Jim_Boyd_(Sänger)$UPDATE daten set enddate='2016-06-21', sortende=2457561, differenz=22087 where id=488814;
Christian_Jachs$UPDATE daten set enddate='2016-08-16', sortende=2457617, differenz=18223 where id=488901;
Marni_Nixon$UPDATE daten set enddate='2016-07-24', sortende=2457594, differenz=31564 where id=490774;
 Conny_Kreitmeier;
Ljudmila_Petrowna_Schachotko$UPDATE daten set enddate='2016-10-23', sortende=2457685, differenz=27859 where id=492035;
Louis_Stewart$UPDATE daten set enddate='2016-08-20', sortende=2457621, differenz=26526 where id=492838;
Lore_Rhomberg$UPDATE daten set enddate='2016-07-11', sortende=2457581, differenz=34061 where id=492897;
Maria_Eugénia$UPDATE daten set enddate='2016-08-25', sortende=2457626, differenz=32654 where id=493072;
Lee_Ho-chol$UPDATE daten set enddate='2016-09-18', sortende=2457650, differenz=30868 where id=493644;
 Berta_Leeb;
Rudi_Lüttge$UPDATE daten set enddate='2016-09-23', sortende=2457655, differenz=34550 where id=495151;
Ingeborg_Heydorn$UPDATE daten set enddate='2016-05-22', sortende=2457531, differenz=31353 where id=495552;
Siegward_Bach$UPDATE daten set enddate='2016-01-17', sortende=2457405, differenz=31792 where id=496206;
Gert_Jeremias$UPDATE daten set enddate='2016-08-12', sortende=2457613, differenz=29351 where id=496378;
 Umar_Faruq_Abdullah;
Andreas_Horlitz$UPDATE daten set enddate='2016-08-9', sortende=2457610, differenz=22340 where id=497103;
Joachim_Reinhardt$UPDATE daten set enddate='2016-10-8', sortende=2457670, differenz=23657 where id=497558;
John_Bernard_Taylor$UPDATE daten set enddate='2016-06-1', sortende=2457541, differenz=31803 where id=498680;
 Franzy_Balfanz;
 Selin_Münz;
Alfons_Weinzierl$UPDATE daten set enddate='2005-02-28', sortende=2453430, differenz=26679 where id=499684;
Winfried_Menrad$UPDATE daten set enddate='2016-08-26', sortende=2457627, differenz=28322 where id=500526;
John_William_Ashe$UPDATE daten set enddate='2016-06-22', sortende=2457562, differenz=22587 where id=500838;
Lorenz_Specht$UPDATE daten set enddate='2016-08-30', sortende=2457631, differenz=31148 where id=501155;
Gérard_Louis-Dreyfus$UPDATE daten set enddate='2016-09-16', sortende=2457648, differenz=30768 where id=501268;
Steven_Gaal$UPDATE daten set enddate='2016-03-17', sortende=2457465, differenz=33647 where id=501924;
Georg_Germann$UPDATE daten set enddate='2016-09-11', sortende=2457643, differenz=29835 where id=502440;
Erol_Keskin$UPDATE daten set enddate='2016-10-1', sortende=2457663, differenz=32721 where id=502558;
Malcolm_Chisholm_(Chemiker)$UPDATE daten set enddate='2015-11-20', sortende=2457347, differenz=25603 where id=503080;
Irmhild_Söhl$UPDATE daten set enddate='1981-09-26', sortende=2444874, differenz=29488 where id=503372;
Heinrich_Leonard_Cox$UPDATE daten set enddate='2016-09-6', sortende=2457638, differenz=29608 where id=503771;
Philip_Bialowitz$UPDATE daten set enddate='2016-08-6', sortende=2457607, differenz=31666 where id=505287;
Mimmo_Palmara$UPDATE daten set enddate='2016-06-10', sortende=2457550, differenz=32097 where id=505486;
Simon_Ramo$UPDATE daten set enddate='2016-06-27', sortende=2457567, differenz=37672 where id=506021;
Walter_Scheele$UPDATE daten set enddate='2016-06-30', sortende=2457570, differenz=33031 where id=506231;
Rolf_Heinecker$UPDATE daten set enddate='2014-09-4', sortende=2456905, differenz=33765 where id=506787;
Werner_Holzer$UPDATE daten set enddate='2016-11-14', sortende=2457707, differenz=32897 where id=508085;
Kazimieras_Uoka$UPDATE daten set enddate='2016-07-16', sortende=2457586, differenz=23876 where id=508375;
Albrecht_zu_Castell-Castell$UPDATE daten set enddate='2016-05-9', sortende=2457518, differenz=33142 where id=508516;
Robert_W._Cone$UPDATE daten set enddate='2016-09-18', sortende=2457650, differenz=21810 where id=509240;
Hans-Jürgen_Kleinhammes$UPDATE daten set enddate='2008-08-01', sortende=2454680, differenz=26145 where id=509334;
Michael_Stiller_(Journalist)$UPDATE daten set enddate='2016-08-12', sortende=2457613, differenz=26139 where id=509381;
Karol_Machata$UPDATE daten set enddate='2016-05-3', sortende=2457512, differenz=32253 where id=510326;
Peter_Grau$UPDATE daten set enddate='2016-07-22', sortende=2457592, differenz=32027 where id=511092;
Hans_Rempel_(Musiker)$UPDATE daten set enddate='2016-08-22', sortende=2457623, differenz=27993 where id=511159;
Tatsuhiko_Yokoo$UPDATE daten set enddate='2015-11-23', sortende=2457350, differenz=32103 where id=511426;
 Ursel_Maria_Müller;
Hans_H._Hofstätter$UPDATE daten set enddate='2016-11-8', sortende=2457701, differenz=32133 where id=511739;
Steve_Smith_(Radsportler)$UPDATE daten set enddate='2016-05-10', sortende=2457519, differenz=9663 where id=511778;
Franz_Durant$UPDATE daten set enddate='2015-08-5', sortende=2457240, differenz=32333 where id=511835;
Fehmi_Sa??no?lu$UPDATE daten set enddate='2016-09-19', sortende=2457651, differenz=29116 where id=512129;
Siegfried_Mann$UPDATE daten set enddate='2011-08-27', sortende=2455801, differenz=31021 where id=512615;
Mark_Ricks$UPDATE daten set enddate='2016-09-29', sortende=2457661, differenz=33690 where id=512998;
Ned_Miller$UPDATE daten set enddate='2016-03-18', sortende=2457466, differenz=33213 where id=513168;
Gwen_Ifill$UPDATE daten set enddate='2016-11-14', sortende=2457707, differenz=22327 where id=513789;
Bengt_von_zur_Mühlen$UPDATE daten set enddate='2016-06-30', sortende=2457570, differenz=30862 where id=513941;
Gilli_Smyth$UPDATE daten set enddate='2016-08-22', sortende=2457623, differenz=30398 where id=514297;
 Lina_Fedier;
Guilherme_Karan$UPDATE daten set enddate='2016-07-7', sortende=2457577, differenz=21457 where id=515199;
F._R._Abbott$UPDATE daten set enddate='1960-10-12', sortende=2437220, differenz=58358 where id=515263;
Werner_Fenz$UPDATE daten set enddate='2016-06-24', sortende=2457564, differenz=26473 where id=515266;
Giovanni_Scognamillo$UPDATE daten set enddate='2016-10-8', sortende=2457670, differenz=31943 where id=515330;
 Nicolae_Munteanu_(Skispringer);
Antonín_Barton?k$UPDATE daten set enddate='2016-05-30', sortende=2457539, differenz=32721 where id=515880;
Lidia_Biondi$UPDATE daten set enddate='2016-06-14', sortende=2457554, differenz=27058 where id=516611;
Adam_Small$UPDATE daten set enddate='2016-06-25', sortende=2457565, differenz=29041 where id=517159;
 Chawa_Lilith;
Michu_Meszaros$UPDATE daten set enddate='2016-06-13', sortende=2457553, differenz=28026 where id=517824;
César_Borba$UPDATE daten set enddate='1979-01-01', sortende=2443875, differenz=65013 where id=517966;
 Wolfgang_Zwingenberger;
Ben-Ami_Finkelstein$UPDATE daten set enddate='1975-01-3', sortende=2442416, differenz=23596 where id=518060;
Wolf_Weihe$UPDATE daten set enddate='2016-01-4', sortende=2457392, differenz=33971 where id=518221;
Daphne_Odjig$UPDATE daten set enddate='2016-10-1', sortende=2457663, differenz=35450 where id=518633;
Anatole_Beck$UPDATE daten set enddate='2014-12-21', sortende=2457013, differenz=30958 where id=518701;
Walter_Baumert$UPDATE daten set enddate='2016-09-22', sortende=2457654, differenz=31992 where id=519083;
Bobby_Breen$UPDATE daten set enddate='2016-09-19', sortende=2457651, differenz=32462 where id=519098;
Daniel_Hugo_Martins$UPDATE daten set enddate='2016-06-5', sortende=2457545, differenz=32471 where id=519176;
Roger_Fletcher_(Mathematiker)$UPDATE daten set enddate='2016-07-22', sortende=2457592, differenz=28327 where id=519452;
Ottfried_Zielke$UPDATE daten set enddate='2016-09-17', sortende=2457649, differenz=29283 where id=519815;
Bobby_Freeman_(Politiker)$UPDATE daten set enddate='2016-05-16', sortende=2457525, differenz=29970 where id=520764;
John_Baillie-Hamilton,_13._Earl_of_Haddington$UPDATE daten set enddate='2016-07-5', sortende=2457575, differenz=27225 where id=520830;
Edeltrud_Posiles$UPDATE daten set enddate='2016-07-23', sortende=2457593, differenz=36574 where id=521546;
Gley_Eyherabide$UPDATE daten set enddate='2015-06-19', sortende=2457193, differenz=29626 where id=522200;
Barry_Hollowell$UPDATE daten set enddate='2016-08-17', sortende=2457618, differenz=24962 where id=522233;
Oh_Se-jong$UPDATE daten set enddate='2016-06-27', sortende=2457567, differenz=12315 where id=522605;
Rainer_Schottstädt$UPDATE daten set enddate='2016-09-19', sortende=2457651, differenz=24003 where id=522751;
Yang_Jingnian$UPDATE daten set enddate='2016-09-4', sortende=2457636, differenz=39404 where id=522962;
Gisela_Sparmberg$UPDATE daten set enddate='2016-08-20', sortende=2457621, differenz=23206 where id=523108;
Werner_Grunow$UPDATE daten set enddate='2016-08-11', sortende=2457612, differenz=30885 where id=523171;
Maurice_Sellin$UPDATE daten set enddate='2016-08-3', sortende=2457604, differenz=35228 where id=523695;
Anneliese_Eckert$UPDATE daten set enddate='2009-05-20', sortende=2454972, differenz=39586 where id=524785;
Friedrich_Schütze-Quest$UPDATE daten set enddate='2016-09-1', sortende=2457633, differenz=26649 where id=525315;
Heinzwerner_Preuß$UPDATE daten set enddate='2016-10-29', sortende=2457691, differenz=33285 where id=527557;
 Janos_Kirz;
Gisela_Rubbel$UPDATE daten set enddate='2016-07-22', sortende=2457592, differenz=31828 where id=528310;
Carl_Falck_(Geschäftsmann)$UPDATE daten set enddate='2016-07-23', sortende=2457593, differenz=39870 where id=528917;
Günter_D._Roth$UPDATE daten set enddate='2016-09-1', sortende=2457633, differenz=31020 where id=528999;
Ernst_Priesner$UPDATE daten set enddate='1994-07-18', sortende=2449552, differenz=21982 where id=529087;
Keith_Blunt$UPDATE daten set enddate='2016-08-12', sortende=2457613, differenz=28348 where id=529335;
Raymond_Daveluy$UPDATE daten set enddate='2016-09-1', sortende=2457633, differenz=32760 where id=529662;
Robin_Higham$UPDATE daten set enddate='2015-08-27', sortende=2457262, differenz=32940 where id=530189;
Wilhelm_Bechler$UPDATE daten set enddate='2010-07-19', sortende=2455397, differenz=31284 where id=530272;
 Fritz_Röcker;
Horst_Victor_Calles$UPDATE daten set enddate='1969-10-21', sortende=2440516, differenz=11082 where id=531861;
Erhard_Schwerin$UPDATE daten set enddate='2016-10-16', sortende=2457678, differenz=28316 where id=532098;
Antero_Lumme$UPDATE daten set enddate='2016-10-11', sortende=2457673, differenz=30234 where id=532357;
Burnet_R._Maybank_junior$UPDATE daten set enddate='2016-10-25', sortende=2457687, differenz=33779 where id=533672;
Margit_Rätzsch$UPDATE daten set enddate='2016-08-15', sortende=2457616, differenz=29922 where id=534313;
Norman_Longmate$UPDATE daten set enddate='2016-06-4', sortende=2457544, differenz=33044 where id=534463;
Émile_Grosshans$UPDATE daten set enddate='2016-07-28', sortende=2457598, differenz=28471 where id=534484;
Katherine_Dunn$UPDATE daten set enddate='2016-05-11', sortende=2457520, differenz=25951 where id=534978;
Hans-Georg_Lambert$UPDATE daten set enddate='2015-09-4', sortende=2457270, differenz=27726 where id=535190;
Jürgen_Probst$UPDATE daten set enddate='2016-10-10', sortende=2457672, differenz=32772 where id=535346;
Arne_Nevanlinna$UPDATE daten set enddate='2016-08-7', sortende=2457608, differenz=33301 where id=535718;
Alison_Winter$UPDATE daten set enddate='2016-06-22', sortende=2457562, differenz=18478 where id=536090;
Christian-Erdmann_Schott$UPDATE daten set enddate='2016-10-24', sortende=2457686, differenz=30753 where id=536224;
 Jasmine_Jost;
Richard_Thompson_(Comiczeichner)$UPDATE daten set enddate='2016-07-27', sortende=2457597, differenz=21757 where id=537103;
Fred_Bandekow$UPDATE daten set enddate='2016-08-12', sortende=2457613, differenz=29828 where id=538353;
Klym_Tschurjumow$UPDATE daten set enddate='2016-10-15', sortende=2457677, differenz=29093 where id=538847;
Konrad_Scheringer$UPDATE daten set enddate='2016-08-16', sortende=2457617, differenz=28428 where id=538949;
 André-Michael_Schultz;
Elliot_Tiber$UPDATE daten set enddate='2016-08-3', sortende=2457604, differenz=29800 where id=539167;
Hannelore_Zeppenfeld$UPDATE daten set enddate='2016-07-11', sortende=2457581, differenz=30104 where id=539236;
Gilbert_Gruss$UPDATE daten set enddate='2016-10-1', sortende=2457663, differenz=26897 where id=539611;
 Deepak_Mondal;
Léo_Briglia$UPDATE daten set enddate='2016-02-25', sortende=2457444, differenz=31956 where id=540722;
Klaus_Zielke$UPDATE daten set enddate='2016-05-17', sortende=2457526, differenz=31133 where id=540897;
Ludwig_Hödl$UPDATE daten set enddate='2016-05-22', sortende=2457531, differenz=33422 where id=540936;
Fritz_Wilkening$UPDATE daten set enddate='2016-10-22', sortende=2457684, differenz=33114 where id=541021;
Ulrich_Muhl$UPDATE daten set enddate='2014-08-26', sortende=2456896, differenz=28715 where id=541122;
Jan_A._Aertsen$UPDATE daten set enddate='2016-01-8', sortende=2457396, differenz=28496 where id=541152;
Birgit_Sewekow$UPDATE daten set enddate='2016-06-17', sortende=2457557, differenz=25734 where id=543879;
Ines_Mandl$UPDATE daten set enddate='2016-08-5', sortende=2457606, differenz=36268 where id=544603;
Derek_Smith_(Musiker)$UPDATE daten set enddate='2016-08-19', sortende=2457620, differenz=31049 where id=544617;
Elechi_Amadi$UPDATE daten set enddate='2016-06-29', sortende=2457569, differenz=29999 where id=544837;
Chris_Lachotta$UPDATE daten set enddate='2016-06-8', sortende=2457548, differenz=20978 where id=545605;
Peter_Ogaba$UPDATE daten set enddate='2016-08-5', sortende=2457606, differenz=15291 where id=545770;
Frank_Masley$UPDATE daten set enddate='2016-09-10', sortende=2457642, differenz=20526 where id=545924;
Manuel_Alday$UPDATE daten set enddate='1976-12-28', sortende=2443141, differenz=21664 where id=546587;
Monika_Waldhier$UPDATE daten set enddate='2013-06-17', sortende=2456461, differenz=41075 where id=546832;
Svetozar_Koljevi?$UPDATE daten set enddate='2016-05-29', sortende=2457538, differenz=31309 where id=547189;
Patrick_Harries$UPDATE daten set enddate='2016-06-2', sortende=2457542, differenz=24109 where id=547408;
John_Pommer$UPDATE daten set enddate='2014-07-26', sortende=2456865, differenz=35945 where id=547480;
Oliver_Rath$UPDATE daten set enddate='2016-08-18', sortende=2457619, differenz=14006 where id=547823;
Renata_Ostermann$UPDATE daten set enddate='2015-12-26', sortende=2457383, differenz=28835 where id=549102;
Wladimir_Wladimirowitsch_Lobanow$UPDATE daten set enddate='2007-08-29', sortende=2454342, differenz=19604 where id=551013;
Paul_W._Limbach$UPDATE daten set enddate='2016-10-29', sortende=2457691, differenz=30361 where id=551047;
Paul_Kanut_Schäfer$UPDATE daten set enddate='2016-11-17', sortende=2457710, differenz=34549 where id=552569;
Joseph_L._Birman$UPDATE daten set enddate='2016-10-1', sortende=2457663, differenz=32641 where id=553451;
Ahmet_Börtücene$UPDATE daten set enddate='2016-06-01', sortende=2457541, differenz=25354 where id=554809;
Rupert_Hacker$UPDATE daten set enddate='2016-07-23', sortende=2457593, differenz=29789 where id=555284;
 Iveta_Mukuchyan;
Norbert_Henrichs$UPDATE daten set enddate='2016-05-2', sortende=2457511, differenz=29522 where id=556151;
Benjamín_Mendoza_y_Amor_Flores$UPDATE daten set enddate='2016-07-6', sortende=2457576, differenz=29772 where id=556444;
Robin_Chichester-Clark$UPDATE daten set enddate='2016-08-5', sortende=2457606, differenz=32350 where id=556606;
Edgar_Hofschen$UPDATE daten set enddate='2016-06-13', sortende=2457553, differenz=27557 where id=556967;
Friedhelm_Vos$UPDATE daten set enddate='2016-08-12', sortende=2457613, differenz=28328 where id=557114;
Gianluca_Buonanno$UPDATE daten set enddate='2016-06-5', sortende=2457545, differenz=18284 where id=558029;
Johannes_Schreiber_(Theologe)$UPDATE daten set enddate='2016-04-28', sortende=2457507, differenz=32281 where id=558285;
Judy_Canty$UPDATE daten set enddate='2016-07-9', sortende=2457579, differenz=30959 where id=558286;
Walter_Schmidt_(Journalist)$UPDATE daten set enddate='2016-10-6', sortende=2457668, differenz=18874 where id=558780;
Dominik_Surek$UPDATE daten set enddate='2016-08-12', sortende=2457613, differenz=30398 where id=558969;
Mohan_Prakash_Mathur$UPDATE daten set enddate='2016-07-28', sortende=2457598, differenz=39456 where id=559126;
 Hans_Duckstein;
Howard_Brown$UPDATE daten set enddate='2016-11-10', sortende=2457703, differenz=35173 where id=561488;
Peter_Asmussen$UPDATE daten set enddate='2016-06-25', sortende=2457565, differenz=21639 where id=562705;
Gerda_Gühlk$UPDATE daten set enddate='2003-12-16', sortende=2452990, differenz=30534 where id=562782;
Ralf_Thienel$UPDATE daten set enddate='1995-08-1', sortende=2449931, differenz=13213 where id=562832;
Lene_Tiemroth$UPDATE daten set enddate='2016-11-10', sortende=2457703, differenz=26781 where id=563371;
Mark_Takai$UPDATE daten set enddate='2016-07-20', sortende=2457590, differenz=17917 where id=563396;
Candye_Kane$UPDATE daten set enddate='2016-05-6', sortende=2457515, differenz=18437 where id=563810;
Jouko_Turkka$UPDATE daten set enddate='2016-07-22', sortende=2457592, differenz=27125 where id=564280;
Freddie_Gilroy$UPDATE daten set enddate='2016-06-28', sortende=2457568, differenz=29333 where id=564360;
Merv_Lincoln$UPDATE daten set enddate='2016-04-30', sortende=2457509, differenz=30110 where id=564780;
Dai_Dower$UPDATE daten set enddate='2016-08-1', sortende=2457602, differenz=30358 where id=565336;
Franco_Faggi$UPDATE daten set enddate='2016-06-12', sortende=2457552, differenz=32969 where id=566124;
 Jean-Hermann_Gnabry;
Ricardo_Brandon$UPDATE daten set enddate='2016-11-17', sortende=2457710, differenz=25613 where id=566438;
Walter_C._Sweet$UPDATE daten set enddate='2015-12-4', sortende=2457361, differenz=32190 where id=567637;
Peregrine_Eliot,_10._Earl_of_St._Germans$UPDATE daten set enddate='2016-07-15', sortende=2457585, differenz=27588 where id=567840;
Arseni_Sergejewitsch_Pawlow$UPDATE daten set enddate='2016-10-16', sortende=2457678, differenz=12310 where id=568523;
Norbert_Mnich$UPDATE daten set enddate='2016-09-30', sortende=2457662, differenz=18428 where id=568527;
Klaus_Schulte$UPDATE daten set enddate='2016-07-4', sortende=2457574, differenz=31571 where id=568787;
Erich_Storz$UPDATE daten set enddate='2016-09-9', sortende=2457641, differenz=32415 where id=569069;
Charles_Stelck$UPDATE daten set enddate='2016-05-14', sortende=2457523, differenz=36154 where id=569339;
 Alexander_Stein_(Unternehmer);
Oscar_Chirimini$UPDATE daten set enddate='1961-04-3', sortende=2437393, differenz=16077 where id=570299;
Marcelino_Pérez$UPDATE daten set enddate='2016-11-10', sortende=2457703, differenz=78841 where id=570408;
Gregor_Kurella$UPDATE daten set enddate='2016-01-12', sortende=2457400, differenz=33103 where id=571239;
 SeamlessR;
 Boglarka_Hadinger;
Armando_Tobar$UPDATE daten set enddate='2016-11-18', sortende=2457711, differenz=28654 where id=571923;
Klaus_Kropfinger$UPDATE daten set enddate='2016-06-29', sortende=2457569, differenz=31445 where id=572067;
Alfred_Šramek$UPDATE daten set enddate='2016-06-23', sortende=2457563, differenz=23821 where id=572371;
 Thorsten_Marco_Kirschner;
 Christine_Dümlein;
Jeffrey_Grey$UPDATE daten set enddate='2016-07-26', sortende=2457596, differenz=20949 where id=573561;
Paul_Gregory_(Produzent)$UPDATE daten set enddate='2016-11-19', sortende=2457712, differenz=35148 where id=574124;
Cornel_Burtic?$UPDATE daten set enddate='2013-06-11', sortende=2456455, differenz=29867 where id=574814;
 Thomas_Greuel;
 Markus_Dietl;
 Pauline_Tillmann;
Günther_Usemann$UPDATE daten set enddate='2016-09-16', sortende=2457648, differenz=31937 where id=575322;
Georg_Nolte_(Politiker)$UPDATE daten set enddate='2016-07-8', sortende=2457578, differenz=26882 where id=575717;
Donald_G._Broadley$UPDATE daten set enddate='2016-03-10', sortende=2457458, differenz=30601 where id=575950;
 Henning_Schmitz;
Ingeborg_Glock$UPDATE daten set enddate='2016-05-17', sortende=2457526, differenz=27333 where id=576799;
Gunnila_Bernadotte$UPDATE daten set enddate='2016-09-12', sortende=2457644, differenz=34092 where id=577115;
 Gunter_Spraul;
 Louisa_Willems;
Reinhild_Gräfin_von_Hardenberg$UPDATE daten set enddate='2016-06-23', sortende=2457563, differenz=34064 where id=577899;
Ben_McEachran$UPDATE daten set enddate='2015-02-27', sortende=2457081, differenz=12513 where id=578547;
William_McKelvey$UPDATE daten set enddate='2016-10-19', sortende=2457681, differenz=30242 where id=578823;
Emil_Ratzenhofer$UPDATE daten set enddate='2005-12-17', sortende=2453722, differenz=33375 where id=578987;
Moshe_Jahoda$UPDATE daten set enddate='2016-10-19', sortende=2457681, differenz=33164 where id=579030;
Johanna-Gerlinde_Feilcke$UPDATE daten set enddate='2015-11-10', sortende=2457337, differenz=29673 where id=579896;
José_Lacay$UPDATE daten set enddate='2016-11-14', sortende=2457707, differenz=25443 where id=580035;
André-Paul_Weber$UPDATE daten set enddate='2016-07-3', sortende=2457573, differenz=32362 where id=580136;
 Felix_Reuter;
Rudolf_Müller_(Abgeordnetenhaus,_CDU)$UPDATE daten set enddate='2016-06-19', sortende=2457559, differenz=28517 where id=581366;
Karl-Heinz_Löffler$UPDATE daten set enddate='2016-11-5', sortende=2457698, differenz=32775 where id=581441;
Franz_Viehmann$UPDATE daten set enddate='2016-05-11', sortende=2457520, differenz=28255 where id=581506;
Rudolf_Giersch$UPDATE daten set enddate='2016-10-14', sortende=2457676, differenz=28217 where id=582550;
Josef_Röckenwagner$UPDATE daten set enddate='2016-07-1', sortende=2457571, differenz=27112 where id=582976;
Manfred_Schwalm$UPDATE daten set enddate='2010-03-22', sortende=2455278, differenz=25860 where id=583259;
Horst_Tautenhahn$UPDATE daten set enddate='2016-04-27', sortende=2457506, differenz=28919 where id=583270;
Wolfgang_Babilas$UPDATE daten set enddate='2016-06-4', sortende=2457544, differenz=31670 where id=583981;
 Stefan_Ulrich_Geilen;
Eugeniusz_Rudnik$UPDATE daten set enddate='2016-10-24', sortende=2457686, differenz=30677 where id=584387;
Ken_Rhodes$UPDATE daten set enddate='2016-08-31', sortende=2457632, differenz=25950 where id=584493;
Karl_August_Ott$UPDATE daten set enddate='1991-12-24', sortende=2448615, differenz=25817 where id=584650;
Hans-Jochen_Fröhner$UPDATE daten set enddate='2016-05-28', sortende=2457537, differenz=29419 where id=586072;
Mouma_Bob$UPDATE daten set enddate='2016-06-11', sortende=2457551, differenz=19520 where id=586092;
Akhlaqur_Rahman_Kidwai$UPDATE daten set enddate='2016-08-24', sortende=2457625, differenz=35118 where id=586998;
Camilo_de_Oliveira$UPDATE daten set enddate='2016-07-2', sortende=2457572, differenz=33582 where id=587024;
Robert_Burren_Morgan$UPDATE daten set enddate='2016-07-16', sortende=2457586, differenz=33157 where id=587890;
 Greg_Long;
Margot_Jolanthe_Hemberger$UPDATE daten set enddate='2016-05-15', sortende=2457524, differenz=34833 where id=588485;
 Peter_Hermann_(Bildhauer);
 Jarow;
Perico_Fernandez$UPDATE daten set enddate='2016-11-11', sortende=2457704, differenz=23368 where id=589170;
Bobby_Chacon$UPDATE daten set enddate='2016-09-7', sortende=2457639, differenz=23660 where id=590283;
Tony_Adamowicz$UPDATE daten set enddate='2016-10-10', sortende=2457672, differenz=27555 where id=590390;
Egon_Michael_Salzer$UPDATE daten set enddate='2016-07-28', sortende=2457598, differenz=39458 where id=591960;
José_Becerra$UPDATE daten set enddate='2016-08-6', sortende=2457607, differenz=29333 where id=591986;
Otto_H._Ciliax$UPDATE daten set enddate='2016-06-14', sortende=2457554, differenz=28118 where id=592138;
Alexander_Margaritoff$UPDATE daten set enddate='2016-05-22', sortende=2457531, differenz=23518 where id=592550;
Günter_Kahowez$UPDATE daten set enddate='2016-07-10', sortende=2457580, differenz=27612 where id=593219;
Rodolfo_Roberti$UPDATE daten set enddate='2013-04-14', sortende=2456397, differenz=24531 where id=593882;
Elmar_Rösch$UPDATE daten set enddate='2015-03-12', sortende=2457094, differenz=32942 where id=594055;
Sohail_Qaiser$UPDATE daten set enddate='2016-08-14', sortende=2457615, differenz=19251 where id=595047;
Wolf-Dieter_Oschlies$UPDATE daten set enddate='2016-05-28', sortende=2457537, differenz=23109 where id=595437;
Gian_Luigi_Rondi$UPDATE daten set enddate='2016-09-22', sortende=2457654, differenz=34620 where id=596377;
?utupiyanza$UPDATE daten set enddate='2016-02-25', sortende=2457444, differenz=1221791 where id=596380;
Morton_Schindel$UPDATE daten set enddate='2016-08-20', sortende=2457621, differenz=35908 where id=596841;
Alexander_Schubart$UPDATE daten set enddate='2016-09-23', sortende=2457655, differenz=31216 where id=597886;
Antonio_Cachapuz_de_Medeiros$UPDATE daten set enddate='2016-09-15', sortende=2457647, differenz=23407 where id=598310;
 Benedikt_Prosenikov;
Helga_Gäbler$UPDATE daten set enddate='2016-05-31', sortende=2457540, differenz=33827 where id=599592;
Raymonde_Nédelec$UPDATE daten set enddate='2016-07-17', sortende=2457587, differenz=36794 where id=600044;
Tina_Anselmi$UPDATE daten set enddate='2016-11-1', sortende=2457694, differenz=32729 where id=600276;
Thomas_Büchner$UPDATE daten set enddate='2016-08-5', sortende=2457606, differenz=29903 where id=600835;
 Kristina_Ruslanowna_Pimenowa;
Sh?ji_Shibata$UPDATE daten set enddate='2016-07-12', sortende=2457582, differenz=36788 where id=601116;
Anton_Muheim$UPDATE daten set enddate='2016-05-11', sortende=2457520, differenz=36492 where id=601352;
Karl-Friedrich_Oppermann$UPDATE daten set enddate='2016-09-1', sortende=2457633, differenz=26542 where id=601396;
 Knut_Maierhofer;
Motiur_Rahman_Nizami$UPDATE daten set enddate='2016-05-11', sortende=2457520, differenz=26705 where id=601913;
 Svea_Marie_Engel;
Gerhard_Bergmann_(Chemiker)$UPDATE daten set enddate='2016-05-7', sortende=2457516, differenz=33871 where id=602531;
Elisabeth_Breul$UPDATE daten set enddate='2016-10-12', sortende=2457674, differenz=31460 where id=603151;
R._Heiner_Schirmer$UPDATE daten set enddate='2016-09-20', sortende=2457652, differenz=27260 where id=603268;
Lotte_Lehmann_(Schwimmerin)$UPDATE daten set enddate='2016-07-27', sortende=2457597, differenz=40110 where id=603345;
 EMBE;
 Gustav_Peter_Hahn;
Charles-François_Thévenaz$UPDATE daten set enddate='1966-03-4', sortende=2439189, differenz=16320 where id=604750;
Mir_Quasem_Ali$UPDATE daten set enddate='2016-09-3', sortende=2457635, differenz=23257 where id=604872;
 Hannelore_Furch;
 Tilmann_J._Röder;
Luigi_Caccia_Dominioni$UPDATE daten set enddate='2016-11-13', sortende=2457706, differenz=37597 where id=606048;
 Horst_Rehmann;
 Raphael_Jabbour;
 Nik_Pichler;
 Julian_Schöneich;
 Erwin_Feurer;
 Deniz_Yusuf_Dix;
 Martin_W._Puscher;
 Andreas_Diewald;
 Josef_Wild;
 Norbert_Saul;
 Justin_James_Hughes;
 Phillip_P._Peterson;
 Georg_Manlik;
 Clemens_Bleistein;
 Claus_Moldenhauer;
 André_Béguin_(Offizier);
 Gerd_Sulzenbacher;
 Franz_Josef_Becker;
Harry_Fischgold$UPDATE daten set enddate='2016-07-14', sortende=2457584, differenz=41468 where id=609998;
 Michael_Trybek;
 Jon_Aaron;
 Wasscass;
 Barry_Jünemann;
Peter_Czernin$UPDATE daten set enddate='2016-01-31', sortende=2457419, differenz=30513 where id=610259;
Héctor_López_(Boxer)$UPDATE daten set enddate='2011-10-24', sortende=2455859, differenz=16336 where id=610292;
